species,Benthic,Brooded,Live birth,No pelagic larva,No pelagic phase,Pelagic,Pelagic larva
Acanthuridae,,,,,,,
Acanthurus chirurgus,,,,,,x,x
Acanthurus coeruleus,,,,,,x,x
Acanthurus guttatus,,,,,,x,x
Acanthurus pyroferus,,,,,,x,x
Acanthurus sohal,,,,,,x,x
Acanthurus tractus,,,,,,x,x
Naso lituratus,,,,,,x,x
Zebrasoma desjardinii,,,,,,x,x
Zebrasoma flavescens,,,,,,x,x
Zebrasoma scopas,,,,,,x,x
Zebrasoma velifer,,,,,,x,x
Zebrasoma xanthurum,,,,,x,,x
Achiridae,,,,,,,
Achirus achirus,,,,,,x,x
Achirus declivis,,,,,,x,x
Achirus lineatus,,,,,,x,x
Apionichthys dumerili,,,,,,x,x
Gymnachirus melas,,,,,,x,x
Gymnachirus nudus,,,,,,x,x
Gymnachirus texae,,,,,,x,x
Trinectes inscriptus,,,,,,x,x
Trinectes maculatus,,,,,,x,x
Trinectes microphthalmus,,,,,,x,x
Trinectes paulistanus,,,,,,x,x
Acipenseridae,,,,,,,
Acipenser brevirostrum,x,,,x,,,
Acipenser oxyrinchus,x,,,x,,,
Scaphirhynchus albus,x,,,x,,,
Acropomatidae,,,,,,,
Synagrops bellus,,,,,,x,x
Synagrops pseudomicrolepis,,,,,,x,x
Synagrops spinosus,,,,,,x,x
Synagrops trispinosus,,,,,,x,x
Verilus sordidus,,,,,x,,x
Aetobatidae,,,,,,,
Aetobatus narinari,,,x,x,,,
Albulidae,,,,,,,
Albula goreensis,,,,,,x,x
Albula nemoptera,,,,,,x,x
Albula vulpes,,,,,,x,x
Alopiidae,,,,,,,
Alopias superciliosus,,,x,x,,,
Alopias vulpinus,,,x,x,,,
Ammodytidae,,,,,,,
Protammodytes sarisa,x,,,,,x,
Anablepidae,,,,,,,
Anableps anableps,,,x,x,x,,
Anableps microlepis,,,x,x,x,,
Anacanthobatidae,,,,,,,
Schroederobatis americana,x,,,,x,,
Springeria folirostris,x,,,,x,,
Springeria longirostris,x,,,x,x,,
Anguillidae,,,,,,,
Anguilla rostrata,,,,,,x,x
Anomalopidae,,,,,,,
Kryptophanaron alfredi,,,,,,x,x
Antennariidae,,,,,,,
Antennarius multiocellatus,,,,,,x,x
Antennarius pauciradiatus,,,,,,x,x
Antennarius scaber,,,,,,x,x
Antennatus bermudensis,,,,,,x,x
Fowlerichthys ocellatus,,,,,,x,x
Fowlerichthys radiosus,,,,,,x,x
Histrio histrio,,,,x,,x,
Apogonidae,,,,,,,
Apogon aurolineatus,,x,,,,,x
Apogon binotatus,,x,,,,,x
Apogon gouldi,,x,,,,,x
Apogon lachneri,,,,,,x,x
Apogon leptocaulus,,,,,,x,x
Apogon maculatus,,x,,,,,x
Apogon mosavi,,x,,,,,x
Apogon phenax,,x,,,,,x
Apogon pillionatus,,x,,,,,x
Apogon planifrons,,x,,,,,x
Apogon pseudomaculatus,,x,,,,,x
Apogon quadrisquamatus,,x,,,,,x
Apogon robbyi,,x,,,,,x
Apogon robinsi,,x,,,,,x
Apogon townsendi,,x,,,,,x
Astrapogon alutus,,x,,,,,x
Astrapogon puncticulatus,x,,,,,,x
Astrapogon stellatus,,x,,,,,x
Paroncheilus affinis,,x,,,,,x
Phaeoptyx conklini,,x,,,,,x
Phaeoptyx pigmentaria,,x,,,,,x
Phaeoptyx xenus,,x,,,,,x
Zapogon evermanni,,x,,,,,x
Argentinidae,,,,,,,
Argentina striata,,,,,,x,x
Glossanodon pygmaeus,,,,,,x,x
Arhynchobatidae,,,,,,,
Pseudoraja fischeri,x,,,x,x,,
Ariidae,,,,,,,
Ariopsis assimilis,,x,,x,x,,
Ariopsis canteri,,x,,x,x,,
Ariopsis felis,,x,,x,x,,
Bagre bagre,,x,,x,x,,
Bagre marinus,,x,,x,x,,
Cathorops aguadulce,,x,,x,x,,
Cathorops arenatus,,x,,x,x,,
Cathorops belizensis,,x,,x,x,,
Cathorops higuchii,,x,,x,x,,
Cathorops kailolae,,x,,x,x,,
Cathorops mapale,,x,,x,x,,
Cathorops melanopus,,x,,x,x,,
Cathorops nuchalis,,x,,x,,,
Cathorops wayuu,,x,,,,,
Notarius grandicassis,,x,,x,x,,
Notarius neogranatensis,,x,,x,x,,
Notarius phrygiatus,,x,,x,x,,
Notarius quadriscutis,,x,,x,x,,
Notarius rugispinis,,x,,x,x,,
Sciades couma,,x,,x,x,,
Sciades herzbergii,,x,,x,x,,
Sciades parkeri,,x,,x,x,,
Sciades passany,,x,,x,x,,
Sciades proops,,x,,x,x,,
Ariommatidae,,,,,,,
Ariomma bondi,,,,,,x,x
Ariomma melanum,,,,,x,x,x
Ariomma regulus,,,,,,x,x
Aspredinidae,,,,,,,
Aspredinichthys filamentosus,,x,,x,x,,
Aspredo aspredo,,x,,x,x,,
Platystacus cotylephorus,,x,,x,x,,
Atherinidae,,,,,,,
Alepidomus evermanni,x,,,,,,x
Atherina harringtonensis,x,,,,,,x
Atherinomorus stipes,x,,,,,,x
Atherinopsidae,,,,,,,
Atherinella alvarezi,x,,,,,,x
Atherinella beani,x,,,,,,x
Atherinella blackburni,x,,,,,,x
Atherinella brasiliensis,x,,,,,,x
Atherinella chagresi,x,,,,,,x
Atherinella milleri,x,,,,,,x
Atherinella robbersi,x,,,,,,x
Atherinella schultzi,x,,,,,,x
Atherinella species A,x,,,,,,x
Melanorhinus microps,x,,,,,,x
Membras analis,x,,,,,,x
Membras argentea,x,,,,,,x
Membras martinica,x,,,,,,x
Membras species A,x,,,,,,x
Menidia beryllina,x,,,,,,x
Menidia clarkhubbsi,x,,,,,,x
Menidia colei,x,,,,,,x
Menidia conchorum,x,,,,,,x
Menidia menidia,x,,,,,,x
Menidia peninsulae,x,,,,,,x
Menidia species A,x,,,,,,x
Auchenipteridae,,,,,,,
Pseudauchenipterus nodosus,x,,,x,x,,
Aulopidae,,,,,,,
Aulopus filamentosus,,,,,,x,x
Aulostomidae,,,,,,,
Aulostomus maculatus,,,,,,x,x
Balistidae,,,,,,,
Balistes capriscus,x,,,,,,x
Balistes vetula,x,,,,,,x
Balistoides conspicillum,x,,,,,,x
Canthidermis maculata,x,,,,,,x
Canthidermis sufflamen,x,,,,,,x
Melichthys niger,x,,,,,,x
Rhinecanthus aculeatus,x,,,,,,x
Rhinecanthus verrucosus,x,,,,,,x
Xanthichthys ringens,x,,,,,,x
Batrachoididae,,,,,,,
Amphichthys cryptocentrus,x,,,x,x,,
Batrachoides gilberti,x,,,x,x,,
Batrachoides manglae,x,,,x,x,,
Batrachoides surinamensis,x,,,x,x,,
Opsanus beta,x,,,x,,,
Opsanus dichrostomus,x,,,x,,,
Opsanus pardus,x,,,x,x,,
Opsanus phobetron,x,,,x,x,,
Opsanus tau,x,,,x,x,,
Porichthys bathoiketes,x,,,x,x,,
Porichthys oculofrenum,x,,,x,x,,
Porichthys pauciradiatus,x,,,x,x,,
Porichthys plectrodon,x,,,x,x,,
Sanopus astrifer,x,,,x,x,,
Sanopus barbatus,x,,,x,,,
Sanopus greenfieldorum,x,,,x,x,,
Sanopus johnsoni,x,,,x,x,,
Sanopus reticulatus,x,,,x,x,,
Sanopus splendidus,x,,,x,x,,
Thalassophryne maculosa,x,,,x,x,,
Thalassophryne megalops,x,,,x,x,,
Thalassophryne nattereri,x,,,x,x,,
Vladichthys gloverensis,x,,,x,x,,
Belonidae,,,,,,,
Ablennes hians,x,,,,,,x
Platybelone argalus argalus,x,,,,,,x
Strongylura marina,x,,,,x,,x
Strongylura notata,x,,,,,,x
Strongylura timucu,x,,,,,,x
Tylosurus acus acus,x,,,,,,x
Tylosurus crocodilus crocodilus,x,,,,,,x
Berycidae,,,,,,,
Beryx decadactylus,,,,,,x,x
Beryx splendens,,,,,,x,x
Blenniidae,,,,,,,
Chasmodes bosquianus,x,,,,,,x
Chasmodes longimaxilla,x,,,,,,x
Chasmodes saburrae,x,,,,,,x
Entomacrodus nigricans,x,,,,,,x
Hypleurochilus bermudensis,x,,,,,,x
Hypleurochilus caudovittatus,x,,,,,,x
Hypleurochilus geminatus,x,,,,,,x
Hypleurochilus multifilis,x,,,,,,x
Hypleurochilus pseudoaequipinnis,x,,,,,,x
Hypleurochilus springeri,x,,,,,,x
Hypsoblennius exstochilus,x,,,,,,x
Hypsoblennius hentz,x,,,,,,x
Hypsoblennius invemar,x,,,,,,x
Hypsoblennius ionthas,x,,,,,,x
Lupinoblennius nicholsi,x,,,,,,x
Lupinoblennius vinctus,x,,,,,,x
Omobranchus punctatus,x,,,,,,x
Ophioblennius macclurei,x,,,,,,x
Parablennius marmoreus,x,,,,,,x
Scartella cristata,x,,,,,,x
Bothidae,,,,,,,
Bothus lunatus,,,,,,x,x
Bothus maculiferus,,,,,,x,x
Bothus ocellatus,,,,,,x,x
Bothus robinsi,,,,,,x,x
Chascanopsetta danae,,,,,,x,x
Chascanopsetta lugubris,,,,,,x,x
Engyophrys senta,,,,,,x,x
Monolene atrimana,,,,,,x,x
Monolene megalepis,,,,,,x,x
Monolene sessilicauda,,,,,,x,x
Trichopsetta caribbaea,,,,,,x,x
Trichopsetta melasma,,,,,,x,x
Trichopsetta orbisulcus,,,,,,x,x
Trichopsetta ventralis,,,,,,x,x
Bramidae,,,,,,,
Brama brama,,,,,,x,x
Brama caribbea,,,,,,x,x
Brama dussumieri,,,,,,x,x
Eumegistus brevorti,,,,,,x,x
Pteraclis carolinus,,,,,,x,x
Pterycombus brama,,,,,,x,x
Taractes rubescens,,,,,,x,x
Taractichthys longipinnis,,,,,,x,x
Bregmacerotidae,,,,,,,
Bregmaceros atlanticus,,,,,,x,x
Bregmaceros cantori,,,,,,x,x
Bregmaceros houdei,,,,,,x,x
Bythitidae,,,,,,,
Calamopteryx goslinei,,,x,,,,x
Calamopteryx robinsorum,,,x,,,,x
Grammonus claudei,,,x,,,,x
Lucifuga lucayana,,,x,x,x,,x
Lucifuga simile,,,x,x,x,,
Lucifuga spelaeotes,,,x,x,x,,
Parasaccogaster melanomycter,,,x,,,,x
Stygnobrotula latebricola,,,x,,,,x
Callionymidae,,,,,,,
Callionymus bairdi,,,,,,x,x
Diplogrammus pauciradiatus,,,,,,x,x
Foetorepus agassizii,,,,,,x,x
Foetorepus dagmarae,,,,,,x,x
Foetorepus goodenbeani,,,,,,x,x
Caproidae,,,,,,,
Antigonia capros,,,,,,x,x
Antigonia combatia,,,,,,x,x
Carangidae,,,,,,,
Alectis ciliaris,,,,,,x,x
Caranx bartholomaei,,,,,,x,x
Caranx crysos,,,,,,x,x
Caranx hippos,,,,,,x,x
Caranx latus,,,,,,x,x
Caranx lugubris,,,,,,x,x
Caranx ruber,,,,,,x,x
Chloroscombrus chrysurus,,,,,,x,x
Decapterus macarellus,,,,,,x,x
Decapterus punctatus,,,,,,x,x
Decapterus tabl,,,,,,x,x
Elagatis bipinnulata,,,,,,x,x
Gnathanodon speciosus,,,,,,x,x
Hemicaranx amblyrhynchus,,,,,,x,x
Naucrates ductor,,,,,,x,x
Oligoplites palometa,,,,,,x,x
Oligoplites saliens,,,,,,x,x
Oligoplites saurus saurus,,,,,,x,x
Pseudocaranx dentex,,,,,,x,x
Selar crumenophthalmus,,,,,,x,x
Selene brownii,,,,,,x,x
Selene setapinnis,,,,,,x,x
Selene vomer,,,,,,x,x
Seriola dumerili,,,,,,x,x
Seriola fasciata,,,,,,x,x
Seriola rivoliana,,,,,,x,x
Seriola zonata,,,,,,x,x
Trachinotus carolinus,,,,,,x,x
Trachinotus cayennensis,,,,,,x,x
Trachinotus falcatus,,,,,,x,x
Trachinotus goodei,,,,,,x,x
Trachurus lathami,,,,,,x,x
Uraspis secunda,,,,,,x,x
Carapidae,,,,,,,
Carapus bermudensis,,,,,,x,x
Echiodon dawsoni,,,,,,x,x
Carcharhinidae,,,,,,,
Carcharhinus acronotus,,,x,x,,,
Carcharhinus altimus,,,x,x,,,
Carcharhinus brachyurus,,,x,x,x,,
Carcharhinus brevipinna,,,x,x,,,
Carcharhinus falciformis,,,x,x,,,
Carcharhinus galapagensis,,,x,x,x,,
Carcharhinus isodon,,,x,x,,,
Carcharhinus leucas,,,x,x,,,
Carcharhinus limbatus,,,x,x,,,
Carcharhinus longimanus,,,x,x,,,
Carcharhinus obscurus,,,x,x,,,
Carcharhinus perezii,,,x,x,,,
Carcharhinus plumbeus,,,x,x,,,
Carcharhinus porosus,,,x,x,,,
Carcharhinus signatus,,,x,x,,,
Galeocerdo cuvier,,,x,x,,,
Isogomphodon oxyrhynchus,,,x,x,,,
Negaprion brevirostris,,,x,x,,,
Prionace glauca,,,x,x,,,
Rhizoprionodon lalandii,,,x,x,,,
Rhizoprionodon porosus,,,x,x,,,
Rhizoprionodon terraenovae,,,x,x,,,
Centriscidae,,,,,,,
Macroramphosus gracilis,,,,,,x,x
Macroramphosus scolopax,,,,,,x,x
Centrolophidae,,,,,,,
Hyperoglyphe bythites,,,,,,x,x
Hyperoglyphe perciformis,,,,,,x,x
Schedophilus ovalis,,,,,,x,x
Schedophilus pemarco,,,,,,x,x
Centrophoridae,,,,,,,
Centrophorus granulosus,,,x,x,,,
Centrophorus squamosus,,,x,x,,,
Centrophorus tessellatus,,,x,x,,,
Deania calcea,,,x,,,,
Deania profundorum,,,x,,,,
Centropomidae,,,,,,,
Centropomus ensiferus,,,,,,x,x
Centropomus mexicanus,,,,,,x,x
Centropomus parallelus,,,,,,x,x
Centropomus pectinatus,,,,,,x,x
Centropomus poeyi,,,,,,x,x
Centropomus undecimalis,,,,,,x,x
Cetorhinidae,,,,,,,
Cetorhinus maximus,,,x,x,,,
Chaenopsidae,,,,,,,
Acanthemblemaria aceroi,x,,,,,,
Acanthemblemaria aspera,x,,,,,,x
Acanthemblemaria betinensis,x,,,,,,x
Acanthemblemaria chaplini,x,,,,,,x
Acanthemblemaria greenfieldi,x,,,,,,x
Acanthemblemaria harpeza,x,,,,,,x
Acanthemblemaria johnsoni,x,,,,,,x
Acanthemblemaria maria,x,,,,,,x
Acanthemblemaria medusa,x,,,,,,x
Acanthemblemaria paula,x,,,,,,x
Acanthemblemaria rivasi,x,,,,,,x
Acanthemblemaria spinosa,x,,,,,,x
Chaenopsis limbaughi,x,,,,,,x
Chaenopsis megalops,x,,,,,,x
Chaenopsis ocellata,x,,,,,,x
Chaenopsis resh,x,,,,,,x
Chaenopsis roseola,x,,,,,,x
Chaenopsis stephensi,x,,,,,,x
Coralliozetus cardonae,x,,,,,,x
Ekemblemaria nigra,x,,,,,,x
Emblemaria atlantica,x,,,,,,x
Emblemaria australis,x,,,,,,x
Emblemaria biocellata,x,,,,,,x
Emblemaria caldwelli,x,,,,,,x
Emblemaria caycedoi,x,,,,,,x
Emblemaria culmenis,x,,,,,,x
Emblemaria diphyodontis,x,,,,,,x
Emblemaria hyltoni,x,,,,,,x
Emblemaria pandionis,x,,,,,,x
Emblemaria piratula,x,,,,,,x
Emblemaria vitta,x,,,,,,x
Emblemariopsis bahamensis,x,,,,,,x
Emblemariopsis bottomei,x,,,,,,x
Emblemariopsis carib,x,,,,,,x
Emblemariopsis dianae,x,,,,,,x
Emblemariopsis diaphana,x,,,,,,x
Emblemariopsis falcon,x,,,,,,x
Emblemariopsis lancea,x,,,,,,x
Emblemariopsis leptocirris,x,,,,,,x
Emblemariopsis occidentalis,x,,,,,,x
Emblemariopsis pricei,x,,,,,,x
Emblemariopsis randalli,x,,,,,,x
Emblemariopsis ruetzleri,x,,,,,,x
Emblemariopsis tayrona,x,,,,,,x
Hemiemblemaria simula,x,,,,,,x
Lucayablennius zingaro,x,,,,,,x
Protemblemaria punctata,x,,,,,,x
Stathmonotus gymnodermis,x,,,,,,x
Stathmonotus hemphillii,x,,,,,,x
Stathmonotus stahli,x,,,,,,x
Stathmonotus tekla,x,,,,,,x
Chaetodontidae,,,,,,,
Chaetodon capistratus,,,,,,x,x
Chaetodon lunula,,,,,,x,x
Chaetodon ocellatus,,,,,,x,x
Chaetodon sedentarius,,,,,,x,x
Chaetodon striatus,,,,,,x,x
Heniochus diphreutes,,,,,,x,x
Heniochus intermedius,,,,,,x,x
Heniochus monoceros,,,,,,x,x
Prognathodes aculeatus,,,,,,x,x
Prognathodes aya,,,,,,x,x
Prognathodes guyanensis,,,,,,x,x
Characidae,,,,,,,
Astyanax aeneus,x,,,x,,,
Chaunacidae,,,,,,,
Chaunacops roseus,,,,,,x,x
Chaunax pictus,,,,,,x,x
Chaunax stigmaeus,,,,,,x,x
Chaunax suttkusi,,,,,x,x,
Chimaeridae,,,,,,,
Chimaera bahamaensis,x,,,x,x,,
Chimaera cubana,x,,,x,x,,
Hydrolagus alberti,x,,,x,x,,
Hydrolagus mirabilis,x,,,x,x,,
Chlamydoselachidae,,,,,,,
Chlamydoselachus anguineus,,,x,x,,,
Chlopsidae,,,,,,,
Catesbya pseudomuraena,,,,,x,x,x
Chilorhinus suensonii,,,,,,x,x
Chlopsis bicolor,,,,,,x,x
Chlopsis dentatus,,,,,,x,x
Kaupichthys hyoproroides,,,,,,x,x
Kaupichthys nuchalis,,,,,,x,x
Robinsia catherinae,,,,,,x,x
Chlorophthalmidae,,,,,,,
Chlorophthalmus agassizi,,,,,,x,x
Chlorophthalmus brasiliensis,,,,,,x,x
Parasudis truculenta,,,,,,x,x
Cichlidae,,,,,,,
Hemichromis letourneuxi,x,,,x,x,,
Herichthys cyanoguttatus,,x,,x,x,,
Mayaheros urophthalmus,x,,,x,x,,
Nandopsis haitiensis,x,,,x,x,,
Nandopsis tetracanthus,x,,,x,x,,
Oreochromis aureus,,x,,x,x,,
Oreochromis mossambicus,,x,,x,x,,
Oreochromis niloticus niloticus,,x,,x,x,,
Oreochromis urolepis,,x,,x,x,,
Sarotherodon melanotheron,,x,,x,x,,
Tilapia mariae,x,,,x,x,,
Tilapia rendalli,x,,,x,x,,
Tilapia zillii,x,,,x,x,,
Vieja maculicauda,x,,,x,x,,
Vieja melanura,x,,,x,x,,
Cirrhitidae,,,,,,,
Amblycirrhitus pinos,,,,,,x,x
Clupeidae,,,,,,,
Alosa aestivalis,,,,,,x,x
Alosa alabamae,x,,,,,,x
Alosa chrysochloris,x,,,,,,x
Alosa sapidissima,x,,,,,,x
Brevoortia gunteri,,,,,,x,x
Brevoortia patronus,,,,,,x,x
Brevoortia smithi,,,,,,x,x
Brevoortia tyrannus,,,,,,x,x
Dorosoma cepedianum,x,,,,,,x
Dorosoma petenense,x,,,,,,x
Etrumeus sadina,,,,,,x,x
Harengula clupeola,,,,,,x,x
Harengula humeralis,,,,,,x,x
Harengula jaguana,,,,,,x,x
Jenkinsia lamprotaenia,,,,,,x,x
Jenkinsia majua,,,,,,x,x
Jenkinsia parvula,,,,,,x,x
Jenkinsia stolifera,,,,,,x,x
Lile piquitinga,,,,,,x,x
Opisthonema oglinum,,,,,,x,x
Rhinosardinia amazonica,,,,,,x,x
Sardinella aurita,,,,,,x,x
Congridae,,,,,,,
Ariosoma anale,,,,,,x,x
Ariosoma balearicum,,,,,,x,x
Ariosoma selenops,,,,,,x,x
Bathycongrus bullisi,,,,,,x,x
Bathycongrus dubius,,,,,,x,x
Bathycongrus polyporus,,,,,,x,x
Bathycongrus thysanochilus,,,,,,x,x
Bathycongrus vicinalis,,,,,,x,x
Bathyuroconger vicinus,,,,,,x,x
Conger esculentus,,,,,,x,x
Conger oceanicus,,,,,,x,x
Conger triporiceps,,,,,,x,x
Gnathophis bathytopos,,,,,,x,x
Gnathophis bracheatopos,,,,,,x,x
Heteroconger camelopardalis,,,,,,x,x
Heteroconger longissimus,,,,,,x,x
Heteroconger luteolus,,,,,,x,x
Japonoconger caribbeus,,,,,,x,x
Paraconger caudilimbatus,,,,,,x,x
Pseudophichthys splendens,,,,,,x,x
Rhynchoconger flavus,,,,,,x,x
Rhynchoconger gracilior,,,,,,x,x
Rhynchoconger guppyi,,,,,,x,x
Uroconger syringinus,,,,,,x,x
Coryphaenidae,,,,,,,
Coryphaena equiselis,,,,,x,x,x
Coryphaena hippurus,,,,,,x,x
Crurirajidae,,,,,,,
Cruriraja atlantis,x,,,x,x,,
Cruriraja cadenati,x,,,x,x,,
Cruriraja poeyi,x,,x,x,,,
Cruriraja rugosa,x,,,x,x,,
Cynoglossidae,,,,,,,
Symphurus arawak,,,,,,x,x
Symphurus billykrietei,,,,,,x,x
Symphurus caribbeanus,,,,,,x,x
Symphurus civitatium,,,,,,x,x
Symphurus diomedeanus,,,,,,x,x
Symphurus hernandezi,,,,,,x,x
Symphurus marginatus,,,,,,x,x
Symphurus minor,,,,,,x,x
Symphurus nebulosus,,,,,,x,x
Symphurus oculellus,,,,,,x,x
Symphurus ommaspilus,,,,,,x,x
Symphurus parvus,,,,,,x,x
Symphurus pelicanus,,,,,,x,x
Symphurus piger,,,,,,x,x
Symphurus plagiusa,,,,,,x,x
Symphurus plagusia,,,,,,x,x
Symphurus pusillus,,,,,,x,x
Symphurus rhytisma,,,,,,x,x
Symphurus stigmosus,,,,,,x,x
Symphurus tessellatus,,,,,,x,x
Symphurus urospilus,,,,,,x,x
Cynolebiidae,,,,,,,
Rivulus garciai,x,,,x,x,,
Rivulus hartii,x,,,x,x,,
Rivulus marmoratus,x,,,x,x,,
Cyprinodontidae,,,,,,,
Cubanichthys cubensis,x,,,x,x,,
Cyprinodon artifrons,x,,,x,x,,
Cyprinodon dearborni,x,,,x,x,,
Cyprinodon laciniatus,x,,,x,x,,
Cyprinodon variegatus,x,,,x,x,,
Floridichthys carpio,x,,,x,x,,
Floridichthys polyommus,x,,,x,x,,
Jordanella floridae,x,,,x,x,,
Jordanella pulchra,x,,,x,x,,
Dactylopteridae,,,,,,,
Dactylopterus volitans,,,,,,x,x
Dactyloscopidae,,,,,,,
Dactylagnus peratikos,,x,,,,,x
Dactyloscopus boehlkei,,x,,,,,x
Dactyloscopus comptus,,x,,,,,x
Dactyloscopus crossotus,,x,,,,,x
Dactyloscopus foraminosus,,x,,,,,x
Dactyloscopus moorei,,x,,,,,x
Dactyloscopus poeyi,,x,,,,,x
Dactyloscopus tridigitatus,,x,,,,,x
Gillellus greyae,,x,,,,,x
Gillellus healae,,x,,,,,x
Gillellus inescatus,,x,,,,,x
Gillellus jacksoni,,x,,,,,x
Gillellus uranidea,,x,,,,,x
Leurochilus acon,,x,,,,,x
Myxodagnus belone,,x,,,,,x
Platygillellus rubrocinctus,,x,,,,,x
Platygillellus smithi,,x,,,,,x
Dalatiidae,,,,,,,
Dalatias licha,,,x,x,x,,
Isistius brasiliensis,,,x,x,,,
Isistius plutodus,,,x,x,,,
Mollisquama species A,,,x,,,,
Squaliolus laticaudus,,,x,x,,,
Dasyatidae,,,,,,,
Bathytoshia centroura,,,x,x,,,
Fontitrygon geijskesi,,,x,x,x,,
Hypanus americanus,,,x,x,,,
Hypanus guttatus,,,x,x,,,
Hypanus sabinus,,,x,x,,,
Hypanus say,,,x,x,,,
Pteroplatytrygon violacea,,,x,x,,,
Dinematichthyidae,,,,,,,
Alionematichthys minyomma,,,x,,,,x
Gunterichthys longipenis,,,x,,,,x
Ogilbia boehlkei,,,x,,,,x
Ogilbia cayorum,,,x,,,,x
Ogilbia jeffwilliamsi,,,x,,,,x
Ogilbia mccoskeri,,,x,,,,x
Ogilbia sabaji,,,x,,,,x
Ogilbia species A,,,x,,,,x
Ogilbia species B,,,x,,,,x
Ogilbia suarezae,,,x,,,,x
Ogilbia tyleri,,,x,,,,x
Ogilbichthys ferocis,,,x,,,,x
Ogilbichthys haitiensis,,,x,,,,x
Ogilbichthys kakuki,,,x,,,,x
Ogilbichthys longimanus,,,x,,,,x
Ogilbichthys microphthalmus,,,x,,,,x
Ogilbichthys puertoricoensis,,,x,,,,x
Ogilbichthys tobagoensis,,,x,,,,x
Pseudogilbia sanblasensis,,,x,,,,x
Diodontidae,,,,,,,
Chilomycterus antennatus,,,,,,x,x
Chilomycterus antillarum,,,,,,x,x
Chilomycterus reticulatus,,,,,,x,x
Chilomycterus schoepfii,,,,,,x,x
Chilomycterus spinosus spinosus,,,,,,x,x
Diodon eydouxii,,,x,,,x,
Diodon holocanthus,,,,,,x,x
Diodon hystrix,,,,,,x,x
Draconettidae,,,,,,,
Centrodraco acanthopoma,,,,,,x,x
Echeneidae,,,,,,,
Echeneis naucrates,,,,,,x,x
Echeneis neucratoides,,,,,,x,x
Phtheirichthys lineatus,,,,,,x,x
Remora albescens,,,,,,x,x
Remora australis,,,,,,x,x
Remora brachyptera,,,,,,x,x
Remora osteochir,,,,,,x,x
Remora remora,,,,,,x,x
Echinorhinidae,,,,,,,
Echinorhinus brucus,,,x,x,,,
Eleotridae,,,,,,,
Butis koilomatodon,x,,,,,,x
Dormitator maculatus,x,,,,,,x
Eleotris amblyopsis,x,,,,,,x
Eleotris perniger,x,,,,,,x
Eleotris picta,x,,,,,,x
Eleotris pisonis,x,,,,,,x
Erotelis smaragdus,x,,,,,,x
Gobiomorus dormitor,x,,,,,,x
Guavina guavina,x,,,,,,x
Leptophilypnus fluviatilis,x,,,,,,x
Elopidae,,,,,,,
Elops saurus,,,,,,x,x
Elops smithi,,,,,,x,x
Emmelichthyidae,,,,,,,
Emmelichthys ruber,,,,,,x,x
Erythrocles monodi,,,,,,x,x
Engraulidae,,,,,,,
Anchoa cayorum,,,,,,x,x
Anchoa choerostoma,,,,,,x,x
Anchoa colonensis,,,,,,x,x
Anchoa cubana,,,,,,x,x
Anchoa filifera,,,,,,x,x
Anchoa hepsetus,,,,,,x,x
Anchoa januaria,,,,,,x,x
Anchoa lamprotaenia,,,,,,x,x
Anchoa lyolepis,,,,,,x,x
Anchoa mitchilli,,,,,,x,x
Anchoa parva,,,,,,x,x
Anchoa spinifer,,,,,,x,x
Anchoa trinitatis,,,,,,x,x
Anchovia clupeoides,,,,,,x,x
Anchovia surinamensis,,,,,,x,x
Anchoviella blackburni,,,,,,x,x
Anchoviella brevirostris,,,,,,x,x
Anchoviella elongata,,,,,,x,x
Anchoviella guianensis,,,,,,x,x
Anchoviella lepidentostole,,,,,,x,x
Anchoviella perfasciata,,,,,,x,x
Cetengraulis edentulus,,,,,,x,x
Engraulis eurystole,,,,,,x,x
Lycengraulis batesii,,,,,,x,x
Lycengraulis grossidens,,,,,,x,x
Lycengraulis limnichthys,,,,,,x,x
Pterengraulis atherinoides,,,,,,x,x
Ephippidae,,,,,,,
Chaetodipterus faber,,,,,,x,x
Platax orbicularis,,,,x,,x,
Etmopteridae,,,,,,,
Centroscyllium fabricii,,,x,x,,,
Etmopterus bigelowi,,,x,x,,,
Etmopterus bullisi,,,x,x,,,
Etmopterus carteri,,,x,x,,,
Etmopterus gracilispinis,,,x,,,,x
Etmopterus hillianus,,,x,x,,,
Etmopterus perryi,,,x,x,,,
Etmopterus pusillus,,,x,x,,,
Etmopterus robinsi,,,x,x,,,
Etmopterus schultzi,,,x,x,,,
Etmopterus virens,,,x,x,,,
Exocoetidae,,,,,,,
Cheilopogon cyanopterus,x,,,,,,x
Cheilopogon exsiliens,x,,,,,,x
Cheilopogon furcatus,x,,,,,,x
Cheilopogon heterurus,x,,,,,,x
Cheilopogon melanurus,x,,,,,,x
Cypselurus comatus,x,,,,,,x
Exocoetus obtusirostris,,,,,,x,x
Exocoetus volitans,,,,,,x,x
Hirundichthys affinis,x,,,,,,x
Hirundichthys rondeletii,x,,,,,,x
Hirundichthys speculiger,x,,,,,,x
Parexocoetus hillianus,x,,,,,,x
Prognichthys glaphyrae,x,,,,,,x
Prognichthys occidentalis,x,,,,,,x
Fistulariidae,,,,,,,
Fistularia petimba,,,,,,x,x
Fistularia tabacaria,,,,,,x,x
Fundulidae,,,,,,,
Fundulus bermudae,x,,,x,x,,
Fundulus chrysotus,x,,,x,x,,
Fundulus confluentus,x,,,x,x,,
Fundulus grandis,x,,,x,x,,
Fundulus grandissimus,x,,,x,x,,
Fundulus jenkinsi,x,,,x,x,,
Fundulus majalis,x,,,x,x,,
Fundulus persimilis,x,,,x,x,,
Fundulus pulvereus,x,,,,x,,x
Fundulus relictus,x,,,x,x,,
Fundulus saguanus,x,,,x,x,,
Fundulus seminolis,x,,,x,x,,
Fundulus similis,x,,,x,x,,
Fundulus xenicus,x,,,x,x,,
Lucania parva,x,,,x,x,,
Gadidae,,,,,,,
Enchelyopus cimbrius,,,,,,x,x
Phycis chesteri,,,,,,x,x
Urophycis cirrata,,,,,,x,x
Urophycis earllii,,,,,,x,x
Urophycis floridana,,,,,x,x,x
Urophycis regia,,,,,,x,x
Gempylidae,,,,,,,
Diplospinus multistriatus,,,,,,x,x
Epinnula magistralis,,,,,,x,x
Gempylus serpens,,,,,,x,x
Lepidocybium flavobrunneum,,,,,,x,x
Nealotus tripes,,,,,,x,x
Neoepinnula americana,,,,,,x,x
Nesiarchus nasutus,,,,,,x,x
Promethichthys prometheus,,,,,,x,x
Ruvettus pretiosus,,,,,,x,x
Gerreidae,,,,,,,
Diapterus auratus,,,,,,x,x
Diapterus rhombeus,,,,,,x,x
Eucinostomus argenteus,,,,,,x,x
Eucinostomus gula,,,,,,x,x
Eucinostomus harengulus,,,,,,x,x
Eucinostomus havana,,,,,,x,x
Eucinostomus jonesii,,,,,,x,x
Eucinostomus lefroyi,,,,,,x,x
Eucinostomus melanopterus,,,,,,x,x
Eugerres awlae,,,,,,x,x
Eugerres brasilianus,,,,,,x,x
Eugerres plumieri,,,,,,x,x
Gerres cinereus,,,,,,x,x
Ginglymostomatidae,,,,,,,
Ginglymostoma cirratum,,,x,x,x,,
Gobiesocidae,,,,,,,
Acyrtops amplicirrus,x,,,,,,x
Acyrtops beryllinus,x,,,,,,x
Acyrtus artius,x,,,,,,x
Acyrtus lanthanum,x,,,,,,x
Acyrtus rubiginosus,x,,,,,,x
Arcos nudus,x,,,,,,x
Derilissus altifrons,x,,,,,,x
Derilissus kremnobates,x,,,,,,x
Derilissus lombardii,x,,,,,,x
Derilissus nanus,x,,,,,,x
Derilissus vittiger,x,,,,,,x
Gobiesox barbatulus,x,,,,,,x
Gobiesox cephalus,x,,,,,,x
Gobiesox lucayanus,x,,,,,,x
Gobiesox nigripinnis,x,,,,,,x
Gobiesox punctulatus,x,,,,,,x
Gobiesox strumosus,x,,,,,,x
Gymnoscyphus ascitus,x,,,,,,x
Tomicodon briggsi,x,,,,,,x
Tomicodon clarkei,x,,,,,,x
Tomicodon cryptus,x,,,,,,x
Tomicodon fasciatus,x,,,,,,x
Tomicodon lavettsmithi,x,,,,,,x
Tomicodon leurodiscus,x,,,,,,x
Tomicodon reitzae,x,,,,,,x
Tomicodon rhabdotus,x,,,,,,x
Tomicodon rupestris,x,,,,,,x
Gobiidae,,,,,,,
Akko dionaea,x,,,,,,x
Antilligobius nikkiae,x,,,,,,x
Awaous banana,x,,,,,,x
Awaous flavus,x,,,,,,x
Barbulifer antennatus,x,,,,,,x
Barbulifer ceuthoecus,x,,,,,,x
Bathygobius antilliensis,x,,,,,,x
Bathygobius curacao,x,,,,,,x
Bathygobius geminatus,x,,,,,,x
Bathygobius lacertus,x,,,,,,x
Bathygobius mystacium,x,,,,,,x
Bathygobius soporator,x,,,,,,x
Bollmannia boqueronensis,x,,,,,,x
Bollmannia communis,x,,,,,,x
Bollmannia eigenmanni,x,,,,,,x
Bollmannia litura,x,,,,,,x
Carrigobius amblyrhynchus,,,,,,x,x
Cerdale floridana,x,,,,,,x
Chriolepis fisheri,x,,,,,,x
Chriolepis roosevelti,x,,,,,,x
Coryphopterus alloides,x,,,,,,x
Coryphopterus curasub,x,,,,,,x
Coryphopterus dicrus,x,,,,,,x
Coryphopterus eidolon,x,,,,,,x
Coryphopterus glaucofraenum,x,,,,,,x
Coryphopterus hyalinus,x,,,,,,x
Coryphopterus kuna,x,,,,,,x
Coryphopterus lipernes,x,,,,,,x
Coryphopterus personatus,x,,,,,,x
Coryphopterus punctipectophorus,x,,,,,,x
Coryphopterus thrix,x,,,,,,x
Coryphopterus tortugae,x,,,,,,x
Coryphopterus venezuelae,x,,,,,,x
Cryptopsilotris batrachodes,,,,,,x,x
Ctenogobius boleosoma,x,,,,,,x
Ctenogobius claytonii,x,,,,,,x
Ctenogobius fasciatus,x,,,,,,x
Ctenogobius phenacus,x,,,,,,x
Ctenogobius pseudofasciatus,x,,,,,,x
Ctenogobius saepepallens,x,,,,,,x
Ctenogobius shufeldti,x,,,,,,x
Ctenogobius smaragdus,x,,,,,,x
Ctenogobius stigmaticus,x,,,,,,x
Ctenogobius stigmaturus,x,,,,,,x
Elacatinus atronasus,x,,,,,,x
Elacatinus cayman,x,,,,,,x
Elacatinus centralis,x,,,,,,x
Elacatinus chancei,x,,,,,,x
Elacatinus colini,x,,,,,,x
Elacatinus evelynae,x,,,,,,x
Elacatinus genie,x,,,,,,x
Elacatinus horsti,x,,,,,,x
Elacatinus illecebrosus,x,,,,,,x
Elacatinus jarocho,x,,,,,,x
Elacatinus lobeli,x,,,,,,x
Elacatinus lori,x,,,,,,x
Elacatinus louisae,x,,,,,,x
Elacatinus oceanops,x,,,,,,x
Elacatinus prochilos,x,,,,,,x
Elacatinus randalli,x,,,,,,x
Elacatinus serranilla,x,,,,,,x
Elacatinus species N,x,,,,,,x
Elacatinus species P,x,,,,,,x
Elacatinus tenox,x,,,,,,x
Elacatinus xanthiprora,x,,,,,,x
Evermannichthys bicolor,x,,,,,,x
Evermannichthys convictor,x,,,,,,x
Evermannichthys metzelaari,x,,,,,,x
Evermannichthys silus,x,,,,,,x
Evermannichthys spongicola,x,,,,,,x
Evorthodus lyricus,x,,,,,,x
Ginsburgellus novemlineatus,x,,,,,,x
Gnatholepis thompsoni,x,,,,,,x
Gobioides broussonnetii,x,,,,,,x
Gobionellus oceanicus,x,,,,,,x
Gobiosoma bosc,x,,,,,,x
Gobiosoma ginsburgi,x,,,,,,x
Gobiosoma grosvenori,x,,,,,,x
Gobiosoma hildebrandi,x,,,,,,x
Gobiosoma longipala,x,,,,,,x
Gobiosoma nudum,x,,,,,,x
Gobiosoma robustum,x,,,,,,x
Gobiosoma schultzi,x,,,,,,x
Gobiosoma spes,x,,,,,,x
Gobiosoma spilotum,x,,,,,,x
Gobiosoma yucatanum,x,,,,,,x
Gobulus myersi,x,,,,,,x
Lophogobius cyprinoides,x,,,,,,x
Lythrypnus crocodilus,x,,,,,,x
Lythrypnus elasson,x,,,,,,x
Lythrypnus heterochroma,x,,,,,,x
Lythrypnus minimus,x,,,,,,x
Lythrypnus mowbrayi,x,,,,,,x
Lythrypnus nesiotes,x,,,,,,x
Lythrypnus okapia,x,,,,,,x
Lythrypnus phorellus,x,,,,,,x
Lythrypnus species 3,x,,,,,,x
Lythrypnus spilus,x,,,,,,x
Microdesmus bahianus,x,,,,,,x
Microdesmus carri,x,,,,,,x
Microdesmus lanceolatus,x,,,,,,x
Microdesmus longipinnis,x,,,,,,x
Microdesmus luscus,x,,,,,,x
Microgobius carri,x,,,,,,x
Microgobius gulosus,x,,,,,,x
Microgobius meeki,x,,,,,,x
Microgobius microlepis,x,,,,,,x
Microgobius signatus,x,,,,,,x
Microgobius thalassinus,x,,,,,,x
Nes longus,x,,,,,,x
Oxyurichthys stigmalophius,x,,,,,,x
Paedovaricus imswe,x,,,,,,x
Palatogobius grandoculus,x,,,,,,x
Palatogobius incendius,x,,,,,,
Palatogobius paradoxus,x,,,,,,x
Pariah scotius,x,,,,,,x
Parrella macropteryx,x,,,,,,x
Pinnichthys aimoriensis,x,,,,,,x
Pinnichthys bilix,x,,,,,,x
Pinnichthys prolata,x,,,,,,x
Pinnichthys saurimimica,x,,,,,,x
Priolepis dawsoni,x,,,,,,x
Priolepis hipoliti,x,,,,,,x
Priolepis robinsi,x,,,,,,x
Psilotris alepis,,,,,,x,x
Psilotris boehlkei,x,,,,,,x
Psilotris celsa,x,,,,,,x
Psilotris kaufmani,x,,,,,,x
Psilotris laetarii,x,,,,,,x
Psilotris laurae,x,,,,,,x
Psilotris vantasselli,x,,,,,,
Ptereleotris calliura,x,,,,,,x
Ptereleotris helenae,x,,,,,,x
Ptereleotris randalli,x,,,,,,x
Risor ruber,x,,,,,,x
Robinsichthys arrowsmithensis,x,,,,,,x
Sicydium buscki,x,,,,,,x
Tigrigobius dilepis,x,,,,,,x
Tigrigobius gemmatus,x,,,,,,x
Tigrigobius harveyi,x,,,,,,x
Tigrigobius macrodon,x,,,,,,x
Tigrigobius multifasciatus,x,,,,,,x
Tigrigobius pallens,x,,,,,,x
Tigrigobius panamensis,x,,,,,,
Tigrigobius redimiculus,x,,,,,,x
Tigrigobius rubrigenis,x,,,,,,
Tigrigobius saucrus,x,,,,,,x
Tigrigobius zebrellus,x,,,,,,x
Varicus adamsi,x,,,,,,x
Varicus benthonis,x,,,,,,x
Varicus bucca,x,,,,,,x
Varicus cephalocellatus,x,,,,,,x
Varicus decorum,x,,,,,x,
Varicus lacerta,x,,,,,,x
Varicus marilynae,x,,,,,,x
Varicus nigritus,x,,,,,,x
Varicus veliguttatus,x,,,,,,x
Varicus vespa,x,,,,,,x
Vomerogobius flavus,x,,,,,,x
Grammatidae,,,,,,,
Gramma dejongi,x,,,,,,x
Gramma linki,x,,,,,,x
Gramma loreto,x,,,,,,x
Gramma melacara,x,,,,,,x
Lipogramma anabantoides,x,,,,,,x
Lipogramma barrettorum,x,,,,,,x
Lipogramma evides,x,,,,,,x
Lipogramma flavescens,x,,,,,,x
Lipogramma haberorum,x,,,,,,x
Lipogramma idabeli,x,,,,,,x
Lipogramma klayi,x,,,,,,x
Lipogramma levinsoni,x,,,,,,x
Lipogramma regia,x,,,,,,x
Lipogramma robinsi,x,,,,,,x
Lipogramma rosea,x,,,,,,x
Lipogramma schrieri,x,,,,,,x
Lipogramma trilineata,x,,,,,,x
Grammicolepididae,,,,,,,
Grammicolepis brachiusculus,,,,,,,
Xenolepidichthys dalgleishi,,,,,,x,x
Gymnuridae,,,,,,,
Gymnura altavela,,,x,x,,,
Gymnura lessae,,,x,x,,,
Gymnura micrura,,,x,x,,,
Haemulidae,,,,,,,
Anisotremus surinamensis,,,,,,x,x
Anisotremus virginicus,,,,,,x,x
Brachygenys chrysargyrea,,,,,,x,x
Conodon nobilis,,,,,,x,x
Emmelichthyops atlanticus,,,,,,x,x
Genyatremus cavifrons,,,,,,x,x
Haemulon album,,,,,,x,x
Haemulon atlanticus,,,,,,x,x
Haemulon aurolineatum,,,,,,x,x
Haemulon bonariense,,,,,,x,x
Haemulon boschmae,,,,,,x,x
Haemulon carbonarium,,,,,,x,x
Haemulon flavolineatum,,,,,,x,x
Haemulon macrostomum,,,,,,x,x
Haemulon melanurum,,,,,,x,x
Haemulon parra,,,,,,x,x
Haemulon plumierii,,,,,,x,x
Haemulon sciurus,,,,,,x,x
Haemulon striatum,,,,,,x,x
Haemulon vittatum,,,,,,x,x
Haemulopsis corvinaeformis,,,,,,x,x
Orthopristis chrysoptera,,,,,,x,x
Orthopristis scapularis,,,,,,x,x
Paranisotremus moricandi,,,,,,x,x
Rhonciscus crocro,,,,,,x,x
Hemiramphidae,,,,,,,
Chriodorus atherinoides,x,,,,,,x
Euleptorhamphus velox,x,,,,,,x
Hemiramphus balao,x,,,,,,x
Hemiramphus bermudensis,x,,,,,,x
Hemiramphus brasiliensis,x,,,,,,x
Hyporhamphus collettei,x,,,,,,x
Hyporhamphus meeki,x,,,,,,x
Hyporhamphus roberti,x,,,,,,x
Hyporhamphus unifasciatus,x,,,,,,x
Oxyporhamphus similis,,,,,x,x,x
Hemiscylliidae,,,,,,,
Chiloscyllium punctatum,x,,,x,x,,
Heterenchelyidae,,,,,,,
Pythonichthys sanguineus,,,,,,x,x
Hexanchidae,,,,,,,
Heptranchias perlo,,,x,x,,,
Hexanchus griseus,,,x,x,x,,
Hexanchus vitulus,,,x,x,,,
Holocentridae,,,,,,,
Corniger spinosus,,,,,,x,x
Holocentrus adscensionis,,,,,,x,x
Holocentrus rufus,,,,,,x,x
Myripristis jacobus,,,,,,x,x
Neoniphon coruscum,,,,,,x,x
Neoniphon marianus,,,,,,x,x
Neoniphon vexillarium,,,,,,x,x
Ostichthys trachypoma,,,,,,x,x
Plectrypops retrospinis,,,,,,x,x
Sargocentron bullisi,,,,,,x,x
Sargocentron poco,,,,,,x,x
Istiophoridae,,,,,,,
Istiophorus platypterus,,,,,,x,x
Kajikia albida,,,,,,x,x
Makaira nigricans,,,,,,x,x
Tetrapturus georgii,,,,,,x,x
Tetrapturus pfluegeri,,,,,,x,x
Kyphosidae,,,,,,,
Kyphosus bigibbus,,,,,,x,x
Kyphosus cinerascens,,,,,,x,x
Kyphosus sectatrix,,,,,,x,x
Kyphosus vaigiensis,,,,,,x,x
Labridae labrinae,,,,,,,
Bodianus pulchellus,,,,,,x,x
Bodianus rufus,,,,,,x,x
Clepticus parrae,,,,,,x,x
Decodon puellaris,,,,,,x,x
Doratonotus megalepis,,,,,,x,x
Halichoeres bathyphilus,,,,,,x,x
Halichoeres bivittatus,,,,,,x,x
Halichoeres burekae,,,,,,x,x
Halichoeres caudalis,,,,,,x,x
Halichoeres cyanocephalus,,,,,,x,x
Halichoeres garnoti,,,,,,x,x
Halichoeres maculipinna,,,,,x,x,x
Halichoeres pictus,,,,,,x,x
Halichoeres poeyi,,,,,,x,x
Halichoeres radiatus,,,,,,x,x
Halichoeres socialis,,,,,,x,x
Lachnolaimus maximus,,,,,,x,x
Polylepion species A,,,,,,x,x
Thalassoma bifasciatum,,,,,,x,x
Xyrichtys martinicensis,,,,,,x,x
Xyrichtys novacula,,,,,,x,x
Xyrichtys splendens,,,,,,x,x
Labridae scarinae,,,,,,,
Cryptotomus roseus,,,,,,x,x
Nicholsina usta,,,,,,x,x
Scarus coelestinus,,,,,,x,x
Scarus coeruleus,,,,,,x,x
Scarus guacamaia,,,,,,x,x
Scarus iseri,,,,,,x,x
Scarus taeniopterus,,,,,,x,x
Scarus vetula,,,,,,x,x
Sparisoma atomarium,,,,,,x,x
Sparisoma aurofrenatum,,,,,,x,x
Sparisoma axillare,,,,,,x,x
Sparisoma chrysopterum,,,x,,,x,
Sparisoma griseorubrum,,,,,,x,x
Sparisoma radians,,,,,,x,x
Sparisoma rubripinne,,,,,,x,x
Sparisoma viride,,,,,,x,x
Labrisomidae,,,,,,,
Brockius albigenys,x,,,,,,x
Brockius nigricinctus,x,,,,,,x
Gobioclinus bucciferus,x,,,,,,x
Gobioclinus filamentosus,,x,,x,x,,
Gobioclinus gobio,x,,,,,,x
Gobioclinus guppyi,x,,,,,,x
Gobioclinus haitiensis,x,,,,,,x
Gobioclinus kalisherae,x,,,,,,x
Haptoclinus apectolophus,,x,,,,,
Haptoclinus dropi,,x,,,,,
Labrisomus conditus,x,,,,,,x
Labrisomus cricota,x,,,,,,x
Labrisomus nuchipinnis,x,,,,,,x
Malacoctenus aurolineatus,x,,,,,,x
Malacoctenus boehlkei,x,,,,,,x
Malacoctenus delalandii,x,,,,,,x
Malacoctenus erdmani,x,,,,,,x
Malacoctenus gilli,x,,,,,,x
Malacoctenus macropus,x,,,,,,x
Malacoctenus triangulatus,x,,,,,,x
Malacoctenus versicolor,x,,,,,,x
Nemaclinus atelestos,x,,,,,,x
Paraclinus barbatus,x,,,,,,x
Paraclinus cingulatus,x,,x,,,,
Paraclinus fasciatus,x,,,,,,x
Paraclinus grandicomis,x,,,,,,x
Paraclinus infrons,x,,,,,,x
Paraclinus marmoratus,x,,,,,,x
Paraclinus naeorhegmis,x,,,,,,x
Paraclinus nigripinnis,x,,,,,,x
Starksia atlantica,,,x,,,,x
Starksia culebrae,,,x,,,,x
Starksia elongata,,,x,,,,x
Starksia fasciata,,,x,,,,x
Starksia greenfieldi,,,x,,,,x
Starksia guttata,,,x,,,,x
Starksia hassi,,,x,,,,x
Starksia langi,,,x,,,,x
Starksia lepicoelia,,,x,,,,x
Starksia leucovitta,,,x,,,,x
Starksia melasma,,,x,,,,x
Starksia nanodes,,,x,,,,x
Starksia occidentalis,,,x,,,,x
Starksia ocellata,,,x,,,,x
Starksia rava,,,x,,,,x
Starksia robertsoni,,,x,,,,x
Starksia sangreyae,,,x,,,,x
Starksia sella,,,x,,,,x
Starksia sluiteri,,,x,,,,x
Starksia smithvanizi,,,x,,,,x
Starksia species A,,,x,,,,x
Starksia species B,,,x,,,,x
Starksia splendens,,,x,,,,x
Starksia springeri,,,x,,,,x
Starksia starcki,,,x,,,,x
Starksia variabilis,,,x,,,,x
Starksia weigti,,,x,,,,x
Starksia williamsi,,,x,,,,x
Starksia y-lineata,,,x,,,,x
Lamnidae,,,,,,,
Carcharodon carcharias,,,x,x,,,
Isurus oxyrinchus,,,x,x,,,
Isurus paucus,,,x,x,,,
Lamna nasus,,,x,x,,,
Lamprididae,,,,,,,
Lampris megalopsis,,,,,,x,x
Lepisosteidae,,,,,,,
Atractosteus spatula,x,,,x,,,
Atractosteus tristoechus,x,,,x,,,
Lepisosteus oculatus,x,,,x,,,
Lepisosteus osseus,x,,,x,,,
Lepisosteus platyrhincus,x,,,x,,,
Lobotidae,,,,,,,
Lobotes surinamensis,,,,,,x,x
Lophiidae,,,,,,,
Lophiodes beroe,,,,,,x,x
Lophiodes monodi,,,,,,x,x
Lophiodes reticulatus,,,,,,x,x
Lophius americanus,,,,,,x,x
Lophius gastrophysus,,,,,,x,x
Sladenia shaefersi,,,,,x,,x
Lutjanidae,,,,,,,
Apsilus dentatus,,,,,,x,x
Etelis oculatus,,,,,,x,x
Lutjanus analis,,,,,,x,x
Lutjanus apodus,,,,,,x,x
Lutjanus buccanella,,,,,,x,x
Lutjanus campechanus,,,,,,x,x
Lutjanus cyanopterus,,,,,,x,x
Lutjanus griseus,,,,,,x,x
Lutjanus jocu,,,,,,x,x
Lutjanus mahogoni,,,,,,x,x
Lutjanus purpureus,,,,,,x,x
Lutjanus synagris,,,,,,x,x
Lutjanus vivanus,,,,,,x,x
Ocyurus chrysurus,,,,,,x,x
Pristipomoides aquilonaris,,,,,,x,x
Pristipomoides freemani,,,,,,x,x
Pristipomoides macrophthalmus,,,,,,x,x
Rhomboplites aurorubens,,,,,,x,x
Luvaridae,,,,,,,
Luvarus imperialis,,,,,,x,x
Malacanthidae,,,,,,,
Caulolatilus bermudensis,,,,,,x,x
Caulolatilus chrysops,,,,,,x,x
Caulolatilus cyanops,,,,,,x,x
Caulolatilus dooleyi,,,,,,x,x
Caulolatilus guppyi,,,,,,x,x
Caulolatilus intermedius,,,,,,x,x
Caulolatilus microps,,,,,,x,x
Caulolatilus williamsi,,,,,,x,x
Lopholatilus chamaeleonticeps,,,,,,x,x
Malacanthus plumieri,,,x,x,x,,
Megachasmidae,,,,,,,
Megachasma pelagios,,,x,,,,
Megalopidae,,,,,,,
Megalops atlanticus,,,,,,x,x
Merlucciidae,,,,,,,
Merluccius albidus,,,,,,x,x
Merluccius bilinearis,,,,,,x,x
Steindachneria argentea,,,,,,x,x
Mitsukurinidae,,,,,,,
Mitsukurina owstoni,,,x,,,,
Mobulidae,,,,,,,
Mobula birostris,,,x,x,,,
Mobula hypostoma,,,x,x,,,
Mobula mobular,,,x,x,,,
Mobula species A,,,x,,,,
Mobula tarapacana,,,x,x,x,,
Mobula thurstoni,,,x,x,,,
Molidae,,,,,,,
Masturus lanceolatus,,,,,x,x,x
Mola mola,,,,,,x,x
Ranzania laevis,,,,,,x,x
Monacanthidae,,,,,,,
Aluterus heudelotii,x,,,,,,x
Aluterus monoceros,x,,,,,,x
Aluterus schoepfii,x,,,,,,x
Aluterus scriptus,x,,,,x,,x
Cantherhines macrocerus,x,,,,,,x
Cantherhines pullus,x,,,,,,x
Monacanthus ciliatus,x,,,,,,x
Monacanthus tuckeri,x,,,,,,x
Stephanolepis hispidus,x,,,,,,x
Stephanolepis setifer,x,,,,,,x
Moridae,,,,,,,
Laemonema barbatulum,,,,,,x,x
Physiculus fulvus,,,,,,x,x
Moringuidae,,,,,,,
Moringua edwardsi,,,,,,x,x
Neoconger mucronatus,,,,,,x,x
Moronidae,,,,,,,
Morone chrysops,x,,,x,x,,
Morone mississippiensis,x,,,x,x,,
Morone saxatilis,x,,,x,,,
Mugilidae,,,,,,,
Dajaus monticola,,,,,,x,x
Joturus pichardi,,,,,,x,x
Mugil cephalus,,,,,,x,x
Mugil curema,,,,,,x,x
Mugil curvidens,,,,,,x,x
Mugil incilis,,,,,,x,x
Mugil liza,,,,,,x,x
Mugil longicauda,,,,,,x,x
Mugil margaritae,,,,,,x,x
Mugil rubrioculus,,,,,,x,x
Mugil trichodon,,,,,,x,x
Mullidae,,,,,,,
Mulloidichthys martinicus,,,,,,x,x
Mullus auratus,,,,,,x,x
Pseudupeneus maculatus,,,,,,x,x
Upeneus parvus,,,,,,x,x
Muraenesocidae,,,,,,,
Cynoponticus savanna,,,,,,x,x
Muraenidae,,,,,,,
Anarchias similis,,,,,,x,x
Channomuraena vittata,,,,,,x,x
Echidna catenata,,,,,,x,x
Enchelycore anatina,,,,,,x,x
Enchelycore carychroa,,,,,,x,x
Enchelycore nigricans,,,,,,x,x
Gymnothorax conspersus,,,,,,x,x
Gymnothorax funebris,,,,,,x,x
Gymnothorax hubbsi,,,,,,x,x
Gymnothorax kolpos,,,,,,x,x
Gymnothorax maderensis,,,,,,x,x
Gymnothorax miliaris,,,,,,x,x
Gymnothorax moringa,,,,,,x,x
Gymnothorax nigromarginatus,,,,,,x,x
Gymnothorax ocellatus,,,,,,x,x
Gymnothorax polygonius,,,,,,x,x
Gymnothorax saxicola,,,,,,x,x
Gymnothorax vicinus,,,,,,x,x
Monopenchelys acuta,,,,,x,x,x
Muraena pavonina,,,,,,x,x
Muraena retifera,,,,,,x,x
Muraena robusta,,,,,,x,x
Uropterygius macularius,,,,,,x,x
Myliobatidae,,,,,,,
Myliobatis freminvillii,,,x,x,,,
Myliobatis goodei,,,x,x,,,
Narcinidae,,,,,,,
Benthobatis marcida,,,x,x,x,,
Diplobatis colombiensis,,,x,x,x,,
Diplobatis guamachensis,,,x,x,x,,
Diplobatis picta,,,x,x,x,,
Narcine bancroftii,,,x,x,x,,
Nettastomatidae,,,,,,,
Facciolella species A,,,,,,x,x
Hoplunnis diomediana,,,,,,x,x
Hoplunnis macrura,,,,,,x,x
Hoplunnis megista,,,,,,x,x
Hoplunnis similis,,,,,,x,x
Hoplunnis tenuis,,,,,,x,x
Nettastoma melanurum,,,,,,x,x
Nettastoma syntresis,,,,,,x,x
Nettenchelys exoria,,,,,,x,x
Nettenchelys inion,,,,,,x,x
Nettenchelys pygmaea,,,,,,x,x
Saurenchelys cognita,,,,,,x,x
Saurenchelys species A,,,,,,x,x
Venefica procera,,,,,x,,x
Nomeidae,,,,,,,
Cubiceps capensis,,,,,,x,x
Cubiceps gracilis,,,,,,x,x
Cubiceps pauciradiatus,,,,,,x,x
Nomeus gronovii,,,,,,x,x
Psenes arafurensis,,,,,,x,x
Psenes cyanophrys,,,,,,x,x
Psenes pellucidus,,,,,,x,x
Odontaspididae,,,,,,,
Carcharias taurus,,,x,x,,,
Odontaspis ferox,,,x,x,,,
Odontaspis noronhai,,,x,x,,,
Ogcocephalidae,,,,,,,
Dibranchus atlanticus,,,,,,x,x
Halieutichthys aculeatus,,,,,,x,x
Halieutichthys bispinosus,,,,,,x,x
Halieutichthys caribbaeus,,,,,,x,x
Halieutichthys intermedius,,,,,,x,x
Malthopsis gnoma,,,,,,x,x
Ogcocephalus corniger,,,,,,x,x
Ogcocephalus cubifrons,,,,,,x,x
Ogcocephalus declivirostris,,,,,,x,x
Ogcocephalus nasutus,,,,,,x,x
Ogcocephalus notatus,,,,,,x,x
Ogcocephalus pantostictus,,,,,,x,x
Ogcocephalus parvus,,,,,,x,x
Ogcocephalus pumilus,,,,,,x,x
Ogcocephalus rostellum,,,,,,x,x
Zalieutes mcgintyi,,,,,,x,x
Ophichthidae,,,,,,,
Ahlia egmontis,,,,,,x,x
Aplatophis chauliodus,,,,,,x,x
Aprognathodon platyventris,,,,,,x,x
Apterichtus ansp,,,,,,x,x
Apterichtus kendalli,,,,,,x,x
Bascanichthys bascanium,,,,,,x,x
Bascanichthys gaira,,,,,,x,x
Bascanichthys inopinatus,,,,,,x,x
Bascanichthys scuticaris,,,,,,x,x
Callechelys bilinearis,,,,,,x,x
Callechelys guineensis,,,,,,x,x
Callechelys muraena,,,,,,x,x
Callechelys springeri,,,,,,x,x
Caralophia loxochila,,,,,,x,x
Echiophis intertinctus,,,,,,x,x
Echiophis punctifer,,,,,,x,x
Ethadophis akkistikos,,,,,,x,x
Gordiichthys ergodes,,,,,,x,x
Gordiichthys irretitus,,,,,,x,x
Gordiichthys leibyi,,,,,,x,x
Gordiichthys randalli,,,,,,x,x
Hyphalophis devius,,,,,,x,x
Ichthyapus ophioneus,,,,,,x,x
Kertomichthys blastorhinos,,,,,,x,x
Letharchus velifer,,,,,,x,x
Lethogoleos andersoni,,,,,,x,x
Mixomyrophis pusillipinna,,,,,,x,x
Myrichthys breviceps,,,,,,x,x
Myrichthys ocellatus,,,,,,x,x
Myrophis anterodorsalis,,,,,,x,x
Myrophis platyrhynchus,,,,,,x,x
Myrophis plumbeus,,,,,,x,x
Myrophis punctatus,,,,,,x,x
Ophichthus cruentifer,,,,,,x,x
Ophichthus cylindroideus,,,,,,x,x
Ophichthus gomesii,,,,,,x,x
Ophichthus hyposagmatus,,,,,,x,x
Ophichthus melanoporus,,,,,,x,x
Ophichthus menezesi,,,,,,x,x
Ophichthus omorgmus,,,,,,x,x
Ophichthus ophis,,,,,,x,x
Ophichthus puncticeps,,,,,,x,x
Ophichthus rex,,,,,,x,x
Ophichthus spinicauda,,,,,,x,x
Phaenomonas longissima,,,,,,x,x
Pseudomyrophis frio,,,,,,x,x
Pseudomyrophis fugesae,,,,,,x,x
Pseudomyrophis nimius,,,,,,x,x
Quassiremus ascensionis,,,,,,x,x
Ophidiidae,,,,,,,
Brotula barbata,,,,,,x,x
Lepophidium aporrhox,,,,,,x,x
Lepophidium brevibarbe,,,,,,x,x
Lepophidium collettei,,,,,,x,x
Lepophidium crossotum,,,,,,x,x
Lepophidium cultratum,,,,,,x,x
Lepophidium entomelan,,,,,,x,x
Lepophidium gilmorei,,,,,,x,x
Lepophidium jeannae,,,,,,x,x
Lepophidium kallion,,,,,,x,x
Lepophidium marmoratum,,,,,,x,x
Lepophidium pheromystax,,,,,,x,x
Lepophidium profundorum,,,,,,x,x
Lepophidium robustum,,,,,,x,x
Lepophidium staurophor,,,,,,x,x
Lepophidium wileyi,,,,,,x,x
Lepophidium zophochir,,,,,,x,x
Monomitopus agassizii,,,,,,x,x
Neobythites elongatus,,,,,,x,x
Neobythites gilli,,,,,,x,x
Neobythites marginatus,,,,,,x,x
Neobythites monocellatus,,,,,,x,x
Neobythites multidigitatus,,,,,,x,x
Neobythites multiocellatus,,,,,,x,x
Neobythites unicolor,,,,,,x,x
Ophidion antipholus,,,,,,x,x
Ophidion dromio,,,,,,x,x
Ophidion grayi,,,,,,x,x
Ophidion guianense,,,,,,x,x
Ophidion holbrookii,,,,,,x,x
Ophidion josephi,,,,,,x,x
Ophidion lagochila,,,,,,x,x
Ophidion marginatum,,,,,,x,x
Ophidion nocomis,,,,,,x,x
Ophidion selenops,,,,,,x,x
Otophidium chickcharney,,,,,,x,x
Otophidium dormitator,,,,,,x,x
Otophidium omostigma,,,,,,x,x
Parophidion schmidti,,,,,,x,x
Petrotyx sanguineus,,,,,,x,x
Opistognathidae,,,,,,,
Anoptoplacus pygmaeus,,x,,,,,
Lonchopisthus ancistrus,,x,,,,,
Lonchopisthus higmani,,x,,,,,x
Lonchopisthus lemur,,x,,,,,x
Lonchopisthus micrognathus,,x,,,,,x
Opistognathus aurifrons,,x,,,,,x
Opistognathus gilberti,,x,,,,,x
Opistognathus leprocarus,,x,,,,,x
Opistognathus lonchurus,,x,,,,,x
Opistognathus macrognathus,,x,,,,,x
Opistognathus maxillosus,,x,,,,,x
Opistognathus megalepis,,x,,,,,x
Opistognathus melachasme,,x,,,,,x
Opistognathus nothus,,x,,,,,x
Opistognathus robinsi,,x,,,,,x
Opistognathus schrieri,,x,,,,,x
Opistognathus signatus,,x,,,,,x
Opistognathus whitehursti,,x,,,,,x
Ostraciidae,,,,,,,
Acanthostracion polygonius,,,,,,x,x
Acanthostracion quadricornis,,,,,,x,x
Lactophrys bicaudalis,,,,,,x,x
Lactophrys trigonus,,,,,,x,x
Lactophrys triqueter,,,,,,x,x
Oxynotidae,,,,,,,
Oxynotus caribbaeus,,,x,x,,,
Paralichthyidae,,,,,,,
Ancylopsetta antillarum,,,,,,x,x
Ancylopsetta cycloidea,,,,,,x,x
Ancylopsetta dilecta,,,,,,x,x
Ancylopsetta kumperae,,,,,,x,x
Ancylopsetta microctenus,,,,,,x,x
Ancylopsetta ommata,,,,,,x,x
Citharichthys abbotti,,,,,,x,x
Citharichthys amblybregmatus,,,,,,x,x
Citharichthys arctifrons,,,,,,x,x
Citharichthys arenaceus,,,,,,x,x
Citharichthys cornutus,,,,,,x,x
Citharichthys dinoceros,,,,,,x,x
Citharichthys gymnorhinus,,,,,,x,x
Citharichthys macrops,,,,,,x,x
Citharichthys minutus,,,,,,x,x
Citharichthys spilopterus,,,,,,x,x
Citharichthys uhleri,,,,,,x,x
Citharichthys valdezi,,,,,,x,x
Cyclopsetta chittendeni,,,,,,x,x
Cyclopsetta fimbriata,,,,,,x,x
Etropus crossotus,,,,,,x,x
Etropus cyclosquamus,,,,,,x,x
Etropus delsmani delsmani,,,,,,x,x
Etropus rimosus,,,,,,x,x
Gastropsetta frontalis,,,,,,x,x
Paralichthys albigutta,,,,,,x,x
Paralichthys dentatus,,,,,,x,x
Paralichthys lethostigma,,,,,,x,x
Paralichthys oblongus,,,,,,x,x
Paralichthys squamilentus,,,,,,x,x
Paralichthys tropicus,,,,,,x,x
Syacium gunteri,,,,,,x,x
Syacium micrurum,,,,,,x,x
Syacium papillosum,,,,,,x,x
Parazenidae,,,,,,,
Cyttopsis rosea,,,,,,x,x
Parazen pacificus,,,,,,,x
Pempheridae,,,,,,,
Pempheris poeyi,,,,,,x,x
Pempheris schomburgkii,,,,,,x,x
Percophidae,,,,,,,
Bembrops anatirostris,,,,,,x,x
Bembrops gobioides,,,,,,x,x
Bembrops macromma,,,,,x,x,
Bembrops magnisquamis,,,,,,x,x
Bembrops ocellatus,,,,,,x,x
Bembrops quadrisella,,,,,,x,x
Bembrops raneyi,,,,,,x,x
Chrionema squamentum,,,,,,x,x
Peristediidae,,,,,,,
Peristedion antillarum,,,,,,x,x
Peristedion brevirostre,,,,,,x,x
Peristedion ecuadorense,,,,,,x,x
Peristedion gracile,,,,,,x,x
Peristedion greyae,,,,,,x,x
Peristedion imberbe,,,,,,x,x
Peristedion longispatha,,,,,,x,x
Peristedion miniatum,,,,,,x,x
Peristedion species T,,,,,,x,x
Peristedion thompsoni,,,,,,x,x
Peristedion truncatum,,,,,,x,x
Peristedion unicuspis,,,,,,x,x
Pimelodidae,,,,,,,
Brachyplatystoma filamentosum,x,,,x,x,,
Brachyplatystoma vaillantii,x,,,x,x,,
Hypophthalmus edentatus,x,,,,x,,x
Pimelodus blochii,x,,,x,x,,
Pleuronectidae,,,,,,,
Poecilopsetta beanii,,,,,,x,x
Poecilopsetta inermis,,,,,,x,x
Poeciliidae,,,,,,,
Belonesox belizanus,,,x,x,x,,
Brachyrhaphis cascajalensis,,,x,x,x,,
Gambusia affinis,,,x,x,x,,
Gambusia lemaitrei,,,x,x,x,,
Gambusia luma,,,x,x,x,,
Gambusia manni,,,x,x,x,,
Gambusia nicaraguensis,,,x,x,x,,
Gambusia punctata,,,x,x,x,,
Gambusia puncticulata,,,x,x,x,,
Gambusia rhizophorae,,,x,x,x,,
Gambusia wrayi,,,x,x,x,,
Gambusia xanthosoma,,,x,x,x,,
Gambusia yucatana,,,x,x,x,,
Heterandria formosa,,,x,x,x,,
Limia caymanensis,,,x,x,x,,
Limia rivasi,,,x,x,x,,
Limia vittata,,,x,x,x,,
Poecilia gillii,,,x,x,x,,
Poecilia koperi,,,x,x,x,,
Poecilia latipinna,,,x,x,x,,
Poecilia mexicana,,,x,x,x,,
Poecilia orri,,,x,x,x,,
Poecilia petenensis,,,x,x,x,,
Poecilia picta,,,x,x,x,,
Poecilia reticulata,,,x,x,x,,
Poecilia sphenops,,,x,x,x,,
Poecilia vandepolli,,,x,x,x,,
Poecilia velifera,,,x,x,x,,
Poecilia vivipara,,,x,x,x,,
Polymixiidae,,,,,,,
Polymixia lowei,,,,,,x,x
Polymixia nobilis,,,,,,x,x
Polynemidae,,,,,,,
Polydactylus octonemus,,,,,,x,x
Polydactylus oligodon,,,,,,x,x
Polydactylus virginicus,,,,,,x,x
Polyprionidae,,,,,,,
Polyprion americanus,,,,,,x,x
Pomacanthidae,,,,,,,
Centropyge argi,,,,,,x,x
Centropyge aurantonotus,,,,,,x,x
Holacanthus bermudensis,,,,,,x,x
Holacanthus ciliaris,,,,,,x,x
Holacanthus tricolor,,,,,,x,x
Pomacanthus annularis,,,,,,x,x
Pomacanthus arcuatus,,,,,,x,x
Pomacanthus asfur,,,,,,x,x
Pomacanthus imperator,,,,,,x,x
Pomacanthus maculosus,,,,,,x,x
Pomacanthus paru,,,,,,x,x
Pomacanthus semicirculatus,,,,,,x,x
Pomacanthus xanthometopon,,,,,,x,x
Pomacentridae,,,,,,,
Abudefduf saxatilis,x,,,,x,,x
Abudefduf taurus,x,,,,,,x
Chromis bermudae,x,,,,,,x
Chromis cyanea,x,,,,,,x
Chromis enchrysurus,x,,,,,,x
Chromis insolata,x,,,,,,x
Chromis jubauna,x,,,,,,x
Chromis multilineata,x,,,,,,x
Chromis scotti,x,,,,,,x
Chromis vanbebberae,x,,,,,,x
Dascyllus aruanus,x,,,,,,x
Dascyllus trimaculatus,x,,,,,,x
Microspathodon chrysurus,x,,,,,,x
Neopomacentrus cyanomos,x,,,,,,x
Stegastes adustus,x,,,,,,x
Stegastes diencaeus,x,,,,x,,x
Stegastes leucostictus,x,,,,x,,x
Stegastes otophorus,x,,,,,,x
Stegastes partitus,x,,,,,,x
Stegastes pictus,x,,,,,,x
Stegastes planifrons,x,,,,x,,x
Stegastes xanthurus,x,,,,,,x
Pomatomidae,,,,,,,
Pomatomus saltatrix,,,,,,x,x
Potamotrygonidae,,,,,,,
Styracura schmardae,,,x,x,,,
Priacanthidae,,,,,,,
Cookeolus japonicus,,,,,,x,x
Heteropriacanthus cruentatus,,,,,,x,x
Priacanthus arenatus,,,,,,x,x
Pristigenys alta,,,,,,x,x
Pristidae,,,,,,,
Pristis pectinata,,,x,x,x,,
Pristis pristis,,,x,x,x,,
Pristigasteridae,,,,,,,
Chirocentrodon bleekerianus,,,,,,x,x
Neoopisthopterus cubanus,,,,,,x,x
Odontognathus compressus,,,,,,x,x
Odontognathus mucronatus,,,,,,x,x
Pellona harroweri,,,,,,x,x
Pristiophoridae,,,,,,,
Pristiophorus schroederi,,,x,,x,,
Proscylliidae,,,,,,,
Eridacnis barbouri,,,x,,,,
Pseudocarchariidae,,,,,,,
Pseudocarcharias kamoharai,,,x,x,,,
Pseudotriakidae,,,,,,,
Pseudotriakis microdon,,,x,,,,
Rachycentridae,,,,,,,
Rachycentron canadum,,,,,,x,x
Rajidae,,,,,,,
Amblyraja radiata,x,,,x,x,,
Breviraja claramaculata,x,,,x,x,,
Breviraja colesi,x,,,x,x,,
Breviraja mouldi,x,,,x,x,,
Breviraja nigriventralis,x,,,x,x,,
Breviraja spinosa,x,,,x,x,,
Dactylobatus armatus,x,,,x,x,,
Dactylobatus clarkii,x,,,x,x,,
Dipturus bullisi,x,,,x,x,,
Dipturus garricki,x,,x,x,x,,
Dipturus olseni,x,,,x,x,,
Dipturus oregoni,x,,,x,x,,
Dipturus teevani,x,,,x,x,,
Fenestraja atripinna,x,,,x,x,,
Fenestraja cubensis,x,,,x,x,,
Fenestraja ishiyamai,x,,,x,x,,
Fenestraja plutonia,x,,,x,x,,
Fenestraja sinusmexicanus,x,,,x,x,,
Gurgesiella atlantica,x,,,x,x,,
Leucoraja garmani,x,,,x,x,,
Leucoraja lentiginosa,x,,,x,x,,
Leucoraja yucatanensis,x,,,x,x,,
Malacoraja senta,x,,,x,x,,
Neoraja carolinensis,x,,,x,x,,
Rajella bigelowi,x,,,x,x,,
Rajella fuliginea,x,,,x,x,,
Rajella purpuriventralis,x,,,x,x,,
Rostroraja ackleyi,x,,,x,x,,
Rostroraja bahamensis,x,,,x,x,,
Rostroraja cervigoni,x,,,x,x,,
Rostroraja eglanteria,x,,,x,x,,
Rostroraja texana,x,,,x,x,,
Regalecidae,,,,,,,
Regalecus glesne,,,,,,x,x
Rhincodontidae,,,,,,,
Rhincodon typus,,,x,x,,,
Rhinobatidae,,,,,,,
Pseudobatos lentiginosus,,,x,x,x,,
Pseudobatos percellens,,,x,x,x,,
Rhinochimaeridae,,,,,,,
Harriotta raleighana,x,,,x,x,,
Neoharriotta carri,x,,,x,x,,
Rhinochimaera atlantica,x,,,x,x,,
Rhinopteridae,,,,,,,
Rhinoptera bonasus,,,x,x,,,
Rhinoptera brasiliensis,,,x,x,x,,
Scatophagidae,,,,,,,
Scatophagus argus,,,,,,x,x
Sciaenidae,,,,,,,
Bairdiella chrysoura,,,,,,x,x
Bairdiella ronchus,,,,,,x,x
Corvula batabana,,,,,,x,x
Corvula sanctaeluciae,,,,,,x,x
Ctenosciaena gracilicirrhus,,,,,,x,x
Cynoscion acoupa,,,,,,x,x
Cynoscion arenarius,,,,,,x,x
Cynoscion jamaicensis,,,,,,x,x
Cynoscion leiarchus,,,,,,x,x
Cynoscion microlepidotus,,,,,,x,x
Cynoscion nebulosus,,,,,,x,x
Cynoscion nothus,,,,,,x,x
Cynoscion regalis,,,,,,x,x
Cynoscion similis,,,,,,x,x
Cynoscion virescens,,,,,,x,x
Equetus lanceolatus,,,,,,x,x
Equetus punctatus,,,,,,x,x
Isopisthus parvipinnis,,,,,,x,x
Larimus breviceps,,,,,,x,x
Larimus fasciatus,,,,,,x,x
Leiostomus xanthurus,,,,,,x,x
Lonchurus elegans,,,,,,x,x
Lonchurus lanceolatus,,,,,,x,x
Macrodon ancylodon,,,,,,x,x
Menticirrhus americanus,,,,,,x,x
Menticirrhus littoralis,,,,,,x,x
Menticirrhus saxatilis,,,,,,x,x
Micropogonias furnieri,,,,,,x,x
Micropogonias undulatus,,,,,,x,x
Nebris microps,,,,,,x,x
Odontoscion dentex,,,,,,x,x
Ophioscion gomezi,,,,,,x,x
Ophioscion panamensis,,,,,,x,x
Ophioscion punctatissimus,,,,,,x,x
Paralonchurus brasiliensis,,,,,,x,x
Pareques acuminatus,,,,,,x,x
Pareques iwamotoi,,,,,,x,x
Pareques umbrosus,,,,,,x,x
Pogonias cromis,,,,,,x,x
Protosciaena bathytatos,,,,,,x,x
Protosciaena trewavasae,,,,,,x,x
Sciaenops ocellatus,,,,,,x,x
Stellifer chaoi,,,,,,x,x
Stellifer colonensis,,,,,,x,x
Stellifer griseus,,,,,,x,x
Stellifer lanceolatus,,,,,,x,x
Stellifer magoi,,,,,,x,x
Stellifer microps,,,,,,x,x
Stellifer naso,,,,,,x,x
Stellifer rastrifer,,,,,,x,x
Stellifer species A,,,,,,x,x
Stellifer species C,,,,,,x,x
Stellifer stellifer,,,,,,x,x
Stellifer venezuelae,,,,,,x,x
Umbrina broussonnetii,,,,,,x,x
Umbrina coroides,,,,,,x,x
Umbrina milliae,,,,,,x,x
Scomberesocidae,,,,,,,
Scomberesox saurus saurus,,,,,,x,x
Scombridae,,,,,,,
Acanthocybium solandri,,,,,,x,x
Auxis rochei rochei,,,,,,x,x
Auxis thazard thazard,,,,,,x,x
Euthynnus alletteratus,,,,,,x,x
Katsuwonus pelamis,,,,,,x,x
Sarda sarda,,,,,,x,x
Scomber colias,,,,,,x,x
Scomberomorus brasiliensis,,,,,,x,x
Scomberomorus cavalla,,,,,,x,x
Scomberomorus maculatus,,,,,,x,x
Scomberomorus regalis,,,,,,x,x
Thunnus alalunga,,,,,,x,x
Thunnus albacares,,,,,,x,x
Thunnus atlanticus,,,,,,x,x
Thunnus obesus,,,,,,x,x
Thunnus thynnus,,,,,,x,x
Scombropidae,,,,,,,
Scombrops oculatus,,,,,,x,x
Scophthalmidae,,,,,,,
Scophthalmus aquosus,,,,,,x,x
Scorpaenidae,,,,,,,
Ectreposebastes imus,,,,,,x,x
Helicolenus dactylopterus,,,,,,x,x
Idiastion kyphos,,,,,,x,x
Neomerinthe beanorum,,,,,,x,x
Neomerinthe hemingwayi,,,,,,x,x
Phenacoscorpius nebris,,,,,,x,x
Pontinus castor,,,,,,x,x
Pontinus helena,,,,,,x,x
Pontinus longispinis,,,,,,x,x
Pontinus nematophthalmus,,,,,,x,x
Pontinus rathbuni,,,,,,x,x
Pterois volitans,,,,,,x,x
Scorpaena agassizii,,,,,,x,x
Scorpaena albifimbria,,,,,,x,x
Scorpaena bergii,,,,,,x,x
Scorpaena brachyptera,,,,,,x,x
Scorpaena brasiliensis,,,,,,x,x
Scorpaena calcarata,,,,,,x,x
Scorpaena dispar,,,,,,x,x
Scorpaena elachys,,,,,,x,x
Scorpaena grandicornis,,,,,,x,x
Scorpaena inermis,,,,,,x,x
Scorpaena isthmensis,,,,,,x,x
Scorpaena plumieri,,,,,,x,x
Scorpaenodes barrybrowni,,,,,,x,x
Scorpaenodes caribbaeus,,,,,,x,x
Scorpaenodes tredecimspinosus,,,,,,x,x
Setarches guentheri,,,,,,x,x
Trachyscorpia cristulata,,,,,,x,x
Scyliorhinidae,,,,,,,
Apristurus canutus,x,,,x,,,
Apristurus laurussonii,x,,,x,,,
Apristurus parvipinnis,x,,,x,,,
Apristurus riveri,x,,,x,,,
Galeus antillensis,x,,,,x,,
Galeus arae,x,,,x,,,
Galeus cadenati,x,,,,x,,
Galeus springeri,x,,,,x,,
Parmaturus campechiensis,,,x,,,,
Schroederichthys maculatus,x,,,,x,,
Schroederichthys tenuis,x,,,x,x,,
Scyliorhinus boa,x,,,x,x,,
Scyliorhinus hesperius,x,,,x,x,,
Scyliorhinus meadi,x,,,x,x,,
Scyliorhinus retifer,x,,,x,x,,
Scyliorhinus torrei,x,,,x,x,,
Serranidae,,,,,,,
Alphestes afer,,,,,,x,x
Anthias asperilinguis,,,,,,x,x
Anthias hensleyi,,,,,,x,x
Anthias nicholsi,,,,,,x,x
Anthias woodsi,,,,,,x,x
Baldwinella aureorubens,,,,,,x,x
Baldwinella vivanus,,,,,x,x,x
Bathyanthias cubensis,,,,,,x,x
Bathyanthias mexicanus,,,,,,x,x
Bathyanthias species A,,,,,,x,x
Bullisichthys caribbaeus,,,,,,x,x
Centropristis ocyurus,,,,,,x,x
Centropristis philadelphica,,,,,,x,x
Centropristis striata,,,,,,x,x
Cephalopholis argus,,,,,,x,x
Cephalopholis cruentata,,,,,,x,x
Cephalopholis fulva,,,,,,x,x
Choranthias tenuis,,,,,,x,x
Dermatolepis inermis,,,,,,x,x
Diplectrum bivittatum,,,,,,x,x
Diplectrum formosum,,,,,,x,x
Diplectrum radiale,,,,,,x,x
Epinephelus adscensionis,,,,,,x,x
Epinephelus altivelis,,,,,,x,x
Epinephelus guttatus,,,,,,x,x
Epinephelus itajara,,,,,,x,x
Epinephelus morio,,,,,,x,x
Epinephelus ongus,,,,,,x,x
Epinephelus striatus,,,,,,x,x
Gonioplectrus hispanus,,,,,,x,x
Hemanthias leptus,,,,,,x,x
Hypoplectrus aberrans,,,,,,x,x
Hypoplectrus atlahua,,,,,,x,x
Hypoplectrus castroaguirrei,,,,,,x,x
Hypoplectrus chlorurus,,,,,,x,x
Hypoplectrus ecosur,,,,,,x,x
Hypoplectrus floridae,,,,,,x,x
Hypoplectrus gemma,,,,,,x,x
Hypoplectrus gummigutta,,,,,,x,x
Hypoplectrus guttavarius,,,,,,x,x
Hypoplectrus indigo,,,,,,x,x
Hypoplectrus liberte,,,,,,x,x
Hypoplectrus maculiferus,,,,,,x,x
Hypoplectrus maya,,,,,,x,x
Hypoplectrus nigricans,,,,,,x,x
Hypoplectrus providencianus,,,,,,x,x
Hypoplectrus puella,,,,,,x,x
Hypoplectrus randallorum,,,,,,x,x
Hypoplectrus species x,,,,,,x,x
Hypoplectrus unicolor,,,,,,x,x
Hyporthodus drummondhayi,,,,,,x,x
Hyporthodus flavolimbatus,,,,,,x,x
Hyporthodus mystacinus,,,,,,x,x
Hyporthodus nigritus,,,,,,x,x
Hyporthodus niveatus,,,,,,x,x
Jeboehlkia gladifer,,,,,,x,x
Liopropoma aberrans,,,,,,x,x
Liopropoma carmabi,,,,,,x,x
Liopropoma eukrines,,,,,,x,x
Liopropoma mowbrayi,,,,,,x,x
Liopropoma olneyi,,,,,,x,x
Liopropoma rubre,,,,,,x,x
Liopropoma santi,,,,,,x,x
Mycteroperca acutirostris,,,,,,x,x
Mycteroperca bonaci,,,,,,x,x
Mycteroperca cidi,,,,,,x,x
Mycteroperca interstitialis,,,,,,x,x
Mycteroperca microlepis,,,,,,x,x
Mycteroperca phenax,,,,,,x,x
Mycteroperca tigris,,,,,,x,x
Mycteroperca venenosa,,,,,,x,x
Paralabrax dewegeri,,,,,,x,x
Paranthias furcifer,,,,,,x,x
Parasphyraenops atrimanus,,,,,,x,x
Parasphyraenops incisus,,,,,,x,x
Plectranthias garrupellus,,,,,,x,x
Plectranthias species A,,,,,,x,x
Pronotogrammus martinicensis,,,,,,x,x
Pseudogramma gregoryi,,,,,,x,x
Rypticus bistrispinus,,,,,,x,x
Rypticus bornoi,,,,,,x,x
Rypticus carpenteri,,,,,,x,x
Rypticus maculatus,,,,,,x,x
Rypticus randalli,,,,,,x,x
Rypticus saponaceus,,,,,,x,x
Rypticus subbifrenatus,,,,,,x,x
Schultzea beta,,,,,,x,x
Serraniculus pumilio,,,,,,x,x
Serranus annularis,,,,,,x,x
Serranus atrobranchus,,,,,,x,x
Serranus baldwini,,,,,,x,x
Serranus chionaraia,,,,,,x,x
Serranus flaviventris,,,,,,x,x
Serranus fuscula,,,,,,x,x
Serranus luciopercanus,,,,,,x,x
Serranus maytagi,,,,,,x,x
Serranus notospilus,,,,,,x,x
Serranus phoebe,,,,,,x,x
Serranus subligarius,,,,,,x,x
Serranus tabacarius,,,,,,x,x
Serranus tigrinus,,,,,,x,x
Serranus tortugarum,,,,,,x,x
Somniosidae,,,,,,,
Centroscymnus coelolepis,,,x,x,,,
Centroscymnus owstonii,,,x,x,,,
Somniosus microcephalus,,,x,,,,
Somniosus rostratus,,,x,,,,
Zameus squamulosus,,,,x,,,
Sparidae,,,,,,,
Archosargus probatocephalus,,,,,,x,x
Archosargus rhomboidalis,,,,,,x,x
Calamus arctifrons,,,,,,x,x
Calamus bajonado,,,,,,x,x
Calamus calamus,,,,,,x,x
Calamus campechanus,,,,,,x,x
Calamus cervigoni,,,,,,x,x
Calamus leucosteus,,,,,,x,x
Calamus nodosus,,,,,,x,x
Calamus penna,,,,,,x,x
Calamus pennatula,,,,,,x,x
Calamus proridens,,,,,,x,x
Diplodus argenteus caudimacula,,,,,,x,x
Diplodus bermudensis,,,,,,x,x
Diplodus holbrookii,,,,,,x,x
Lagodon rhomboides,,,,,,x,x
Pagrus pagrus,,,,,,x,x
Stenotomus caprinus,,,,,,x,x
Stenotomus chrysops,,,,,,x,x
Sphyraenidae,,,,,,,
Sphyraena barracuda,,,,,,x,x
Sphyraena borealis,,,,,,x,x
Sphyraena guachancho,,,,,,x,x
Sphyrnidae,,,,,,,
Sphyrna gilberti,,,x,x,,,
Sphyrna lewini,,,x,,x,,x
Sphyrna media,,,x,x,,,
Sphyrna mokarran,,,x,x,,,
Sphyrna tiburo,,,x,x,x,,
Sphyrna tudes,,,x,x,,,
Sphyrna zygaena,,,x,x,,,
Squalidae,,,,,,,
Cirrhigaleus asper,,,x,x,,,
Squalus acanthias,,,x,x,,,
Squalus clarkae,,,x,x,,,
Squalus cubensis,,,x,x,x,,
Squatinidae,,,,,,,
Squatina david,,,x,,x,,
Squatina dumeril,,,x,x,x,,
Stromateidae,,,,,,,
Peprilus burti,,,,,,x,x
Peprilus paru,,,,,,x,x
Peprilus triacanthus,,,,,,x,x
Peprilus xanthurus,,,,,,x,x
Symphysanodontidae,,,,,,,
Symphysanodon berryi,,,,,,x,x
Symphysanodon mona,,,,,,x,x
Symphysanodon octoactinus,,,,,,x,x
Synaphobranchidae,,,,,,,
Dysomma anguillare,,,,,,x,x
Linkenchelys multipora,,,,,,x,x
Syngnathidae,,,,,,,
Amphelikturus dendriticus,,,x,,,,x
Anarchopterus criniger,,,x,,,,x
Anarchopterus tectus,,,x,,,,x
Bryx dunckeri,,,x,,,,x
Bryx randalli,,,x,,,,x
Cosmocampus albirostris,,,x,,,,x
Cosmocampus brachycephalus,,,x,,,,x
Cosmocampus elucens,,,x,,,,x
Cosmocampus hildebrandi,,,x,,,,x
Cosmocampus profundus,,x,,,,,x
Halicampus crinitus,,,x,,,,x
Hippocampus erectus,,,x,,,,x
Hippocampus reidi,,,x,,,,x
Hippocampus zosterae,,,x,,,,x
Micrognathus erugatus,,,x,,,,x
Microphis lineatus,,,x,,,,x
Minyichthys inusitatus,,,x,,,,x
Penetopteryx nanus,,,x,,,,x
Pseudophallus mindii,,,x,,,,x
Syngnathus caribbaeus,,,x,,,,x
Syngnathus dawsoni,,,x,,,,x
Syngnathus floridae,,,x,,,,x
Syngnathus fuscus,,,x,,,,x
Syngnathus louisianae,,,x,,,,x
Syngnathus makaxi,,,x,,,,x
Syngnathus pelagicus,,,x,,,,x
Syngnathus scovelli,,,x,,,,x
Syngnathus springeri,,,x,,,,x
Syngnathus texanus,,,x,,,,x
Synodontidae,,,,,,,
Saurida brasiliensis,,,,,,x,x
Saurida caribbaea,,,,,,x,x
Saurida normani,,,,,,x,x
Saurida suspicio,,,,,,x,x
Synodus bondi,,,,,,x,x
Synodus foetens,,,,,,x,x
Synodus intermedius,,,,,,x,x
Synodus macrostigmus,,,,,x,,x
Synodus poeyi,,,,,,x,x
Synodus saurus,,,,,,x,x
Synodus synodus,,,,,,x,x
Trachinocephalus myops,,,,,,x,x
Tetraodontidae,,,,,,,
Arothron diadematus,,,,,x,,x
Canthigaster figueiredoi,x,,,,,,x
Canthigaster jamestyleri,x,,,,,,x
Canthigaster rostrata,x,,,,,,x
Colomesus psittacus,x,,,,,,x
Lagocephalus laevigatus,x,,,,,,x
Lagocephalus lagocephalus,x,,,,,,x
Sphoeroides dorsalis,x,,,,,,x
Sphoeroides georgemilleri,x,,,,,,x
Sphoeroides greeleyi,x,,,,,,x
Sphoeroides maculatus,x,,,,,,x
Sphoeroides nephelus,x,,,,,,x
Sphoeroides pachygaster,x,,,,,,x
Sphoeroides parvus,x,,,,,,x
Sphoeroides spengleri,x,,,,,,x
Sphoeroides testudineus,x,,,,,,x
Sphoeroides tyleri,x,,,,,,x
Sphoeroides yergeri,x,,,,,,x
Torpedinidae,,,,,,,
Tetronarce occidentalis,,,x,x,,,
Torpedo andersoni,,,x,x,x,,
Trachichthyidae,,,,,,,
Gephyroberyx darwinii,,,,,,x,x
Hoplostethus mediterraneus,,,,,,x,x
Hoplostethus occidentalis,,,,,,x,x
Triacanthodidae,,,,,,,
Hollardia hollardi,,,,,,x,x
Hollardia meadi,,,,,,x,x
Johnsonina eriomma,,,,,,x,x
Parahollardia lineata,,,,,,x,x
Parahollardia schmidti,,,,,,x,x
Triakidae,,,,,,,
Mustelus canis,,,x,x,,,
Mustelus higmani,,,x,x,,,
Mustelus minicanis,,,x,x,,,
Mustelus norrisi,,,x,x,,,
Mustelus sinusmexicanus,,,x,x,,,
Trichiuridae,,,,,,,
Aphanopus carbo,,,,,,x,x
Aphanopus intermedius,,,,,,x,x
Assurger anzac,,,,,,x,x
Benthodesmus simonyi,,,,,,x,x
Benthodesmus tenuis,,,,,,x,x
Evoxymetopon taeniatus,,,,,,x,x
Lepidopus altifrons,,,,,,x,x
Trichiurus lepturus,,,,,,x,x
Triglidae,,,,,,,
Bellator brachychir,,,,,,x,x
Bellator egretta,,,,,,x,x
Bellator militaris,,,,,,x,x
Bellator ribeiroi,,,,,,x,x
Prionotus alatus,,,,,,x,x
Prionotus beanii,,,,,,x,x
Prionotus carolinus,,,,x,,x,
Prionotus evolans,,,,,,x,x
Prionotus longispinosus,,,,,,x,x
Prionotus martis,,,,,,x,x
Prionotus ophryas,,,,,,x,x
Prionotus paralatus,,,,,,x,x
Prionotus punctatus,,,,,,x,x
Prionotus roseus,,,,,,x,x
Prionotus rubio,,,,,,x,x
Prionotus scitulus,,,,,,x,x
Prionotus stearnsi,,,,,,x,x
Prionotus tribulus,,,,,,x,x
Tripterygiidae,,,,,,,
Enneanectes altivelis,x,,,,,,x
Enneanectes atrorus,x,,,,,,x
Enneanectes boehlkei,x,,,,,,x
Enneanectes deloachorum,x,,,,,,x
Enneanectes flavus,x,,,,,,x
Enneanectes jordani,x,,,,,,x
Enneanectes matador,x,,,,,,x
Enneanectes quadra,x,,,,,,x
Enneanectes wilki,x,,,,,,x
Uranoscopidae,,,,,,,
Astroscopus guttatus,,,,,,x,x
Astroscopus y-graecum,,,,,,x,x
Kathetostoma albigutta,,,,,,x,x
Kathetostoma cubana,,,,,,x,x
Xenocephalus egregius,,,,,,x,x
Urotrygonidae,,,,,,,
Urobatis jamaicensis,,,x,x,x,,
Urotrygon microphthalmum,,,x,x,x,,
Urotrygon venezuelae,,,x,x,x,,
Xiphiidae,,,,,,,
Xiphias gladius,,,,,,x,x
Zanclidae,,,,,,,
Zanclus cornutus,,,,,,x,x
Zeidae,,,,,,,
Zenopsis conchifer,,,,,,x,x
Zeniontidae,,,,,,,
Zenion hololepis,,,,,,,