"","species","depthzone","abundance","location"
"1","Bellator brachychir","alti",0,"overall"
"2","Foetorepus agassizii","alti",0,"overall"
"3","Pristipomoides macrophthalmus","alti",0,"overall"
"4","Sphyraenops bairdianus","alti",0,"overall"
"5","Bathyanthias sp.","alti",0,"overall"
"6","Hyporthodus niveatus","alti",0,"overall"
"7","Peristedion brevirostre","alti",0,"overall"
"8","Pristipomoides freemani","alti",0,"overall"
"9","Scorpaena brasiliensis","alti",0,"overall"
"10","Syacium gunteri","alti",0,"overall"
"11","Synagrops egretta","alti",0,"overall"
"12","Brotula barbata","alti",0,"overall"
"13","Gastropsetta frontalis","alti",0,"overall"
"14","Scorpaenodes caribbaeus","alti",0,"overall"
"15","Zalieutes mcgintyi","alti",0,"overall"
"16","Etelis oculatus","alti",0,"overall"
"17","Palatogobius paradoxus","alti",0,"overall"
"18","Seriola dumerili","alti",0,"overall"
"19","Varicus adamsi","alti",0,"overall"
"20","Antigonia capros","alti",0,"overall"
"21","Chrionema squamentum","alti",0,"overall"
"22","Pristipomoides aquilonaris","alti",0,"overall"
"23","Bellator egretta","alti",0,"overall"
"24","Synagrops bellus","alti",0,"overall"
"25","Liopropoma santi","alti",0,"overall"
"26","Varicus veliguttatus","alti",0,"overall"
"27","Bembrops sp.","alti",0,"overall"
"28","Sphoeroides dorsalis","alti",0,"overall"
"29","Gephyroberyx darwinii","alti",0,"overall"
"30","Ogcocephalus corniger","alti",0,"overall"
"31","Polylepion sp.","alti",0,"overall"
"32","Pontinus nematophthalmus","alti",0,"overall"
"33","Caulolatilus plumieri","alti",0,"overall"
"34","Lipogramma evides","alti",0,"overall"
"35","Physiculus fulvus","alti",0,"overall"
"36","Symphysanodon octoactinus","alti",0,"overall"
"37","Lipogramma haberi","alti",0,"overall"
"38","Plectranthias garrupellus","alti",0,"overall"
"39","Opistognathus schrieri","alti",0,"overall"
"40","Lipogramma schrieri","alti",0,"overall"
"41","Aulopus filamentosus","alti",0,"overall"
"42","Verilus sordidus","alti",0,"overall"
"43","Epigonidae","alti",0,"overall"
"44","Hollardia hollardi","alti",0,"overall"
"45","Neoepinnula americana","alti",0,"overall"
"46","Neoscopelus macrolepidotus","alti",0,"overall"
"47","Phenacoscorpius nebrius","alti",0,"overall"
"48","Haptoclinus dropi","alti",0,"overall"
"49","Lipogramma barrettorum","alti",0,"overall"
"50","Apogon maculatus","alti",0,"overall"
"51","Gymnothorax moringa","alti",0,"overall"
"52","Muraena retifera","alti",0,"overall"
"53","Ogcocephalus parvus","alti",0,"overall"
"54","Psilotris laurae","alti",0,"overall"
"55","Scorpaenodes barrybrowni","alti",0,"overall"
"56","Serranus atrobranchus","alti",0,"overall"
"57","Varicus cephalocellatus","alti",0,"overall"
"58","Heteropriacanthus cruentatus","alti",0,"overall"
"59","Sargocentron poco","alti",0,"overall"
"60","Symphysanodon berryi","alti",0,"overall"
"61","Jeboehlkia gladifer","alti",0,"overall"
"62","Gonioplectrus hispanus","alti",0,"overall"
"63","Pontinus castor","alti",0,"overall"
"64","Anthias asperilinguis","alti",0,"overall"
"65","Ostichthys trachypoma","alti",0,"overall"
"66","Caulolatilus dooleyi","alti",0,"overall"
"67","Decodon puellaris","alti",0,"overall"
"68","Serranus notospilus","alti",0,"overall"
"69","Liopropoma olneyi","alti",0,"overall"
"70","Palatogobius grandoculus","alti",0,"overall"
"71","Corniger spinosus","alti",0,"overall"
"72","Priacanthus arenatus","alti",0,"overall"
"73","Serranus phoebe","alti",0,"overall"
"74","Varicus decorum","alti",0,"overall"
"75","Equetus lanceolatus","alti",0,"overall"
"76","Baldwinella vivanus","alti",0,"overall"
"77","Liopropoma aberrans","alti",0,"overall"
"78","Prognathodes guyanensis","alti",0,"overall"
"79","Plectranthias sp.","alti",0,"overall"
"80","Apogon pseudomaculatus","alti",0,"overall"
"81","Pronotogrammus martinicensis","alti",0,"overall"
"82","Lipogramma levinsoni","alti",0,"overall"
"83","Apogon gouldi","alti",0,"overall"
"84","Fistularia sp.","alti",0,"overall"
"85","Hemanthias leptus","alti",0,"overall"
"86","Lipogramma idabeli","alti",0,"overall"
"87","Choranthias tenuis","alti",0,"overall"
"88","Sargocentron bullisi","alti",0,"overall"
"89","Derilissus lombardii","alti",0,"overall"
"90","Haemulon chrysargyreum","alti",0,"overall"
"91","Bollmannia boqueronensis","alti",0,"overall"
"92","Bollmannia eigenmanni","alti",0,"overall"
"93","Carangoides bartholomaei","alti",0,"overall"
"94","Halichoeres bathyphilus","alti",0,"overall"
"95","Neoniphon coruscum","alti",0,"overall"
"96","Oxyurichthys stigmalophius","alti",0,"overall"
"97","Priolepis hipoliti","alti",0,"overall"
"98","Rypticus maculatus","alti",0,"overall"
"99","Lipogramma regium","alti",0,"overall"
"100","Myctoperca bonaci","alti",0,"overall"
"101","Decodon shallow","alti",0,"overall"
"102","Pristigenys alta","alti",0,"overall"
"103","Palatogobius incendius","alti",0,"overall"
"104","Bullisichthys caribbaeus","alti",0,"overall"
"105","Caranx lugubris","alti",0,"overall"
"106","Centropristis fuscula","alti",0,"overall"
"107","Lipogramma trilineata","alti",0,"overall"
"108","Rypticus saponaceous","alti",0,"overall"
"109","Haemulon vittata","alti",0,"overall"
"110","Rypticus saponaceus","alti",0,"overall"
"111","Antilligobius nikkiae","alti",0,"overall"
"112","Chromis enchrysura","alti",0,"overall"
"113","Serranus luciopercanus","alti",0,"overall"
"114","Pomacanthus arcuatus","alti",0,"overall"
"115","Liopropoma mowbrayi","alti",0,"overall"
"116","Liopropoma carmabi","alti",0,"overall"
"117","Lipogramma flavescens","alti",0,"overall"
"118","Paroncheilus affinis","alti",0,"overall"
"119","Coryphopterus curasub","alti",0,"overall"
"120","Myripristis jacobus","alti",0,"overall"
"121","Lipogramma klayi","alti",0,"overall"
"122","Serranus annularis","alti",0,"overall"
"123","Seriola rivoliana","alti",0,"overall"
"124","Ptereleotris helenae","alti",0,"overall"
"125","Mycteroperca bonaci","alti",0,"overall"
"126","Flammeo marianus","alti",0,"overall"
"127","Holocentrus adscensionis","alti",0,"overall"
"128","Gymnothorax ocellatus","alti",0,"overall"
"129","Pinnichthys aimoriensis","alti",0,"overall"
"130","Elacatinus chancei","alti",0,"overall"
"131","Chaetodon sedentarius","alti",0,"overall"
"132","Gnatholepis thompsoni","alti",0,"overall"
"133","Serranus tortugarum","alti",0,"overall"
"134","Malacanthus plumieri","alti",0,"overall"
"135","Haemulon striatum","alti",0,"overall"
"136","Epinephelus adscensionis","alti",0,"overall"
"137","Paranthias furcifer","alti",0,"overall"
"138","Gramma linki","alti",0,"overall"
"139","Pomacanthus paru","alti",0,"overall"
"140","Chromis scotti","alti",0,"overall"
"141","Centropyge argi","alti",0,"overall"
"142","Xanthichthys ringens","alti",0,"overall"
"143","Sphyraena barracuda","alti",0,"overall"
"144","Epinephelus guttatus","alti",0,"overall"
"145","Holocentrus rufus","alti",0,"overall"
"146","Anisotremus surinamensis","alti",0,"overall"
"147","Gymnothorax funebris","alti",0,"overall"
"148","Hypoplectrus chlorurus","alti",0,"overall"
"149","Mycteroperca interstitialis","alti",0,"overall"
"150","Serranus tabacarius","alti",0,"overall"
"151","Serranus tigrinus","alti",0,"overall"
"152","Acanthostracion polygonius","alti",0,"overall"
"153","Acanthostracion quadricornis","alti",0,"overall"
"154","Apogon pillionatus","alti",0,"overall"
"155","Apogon lachneri","alti",0,"overall"
"156","Apsilus dentatus","alti",0,"overall"
"157","Bodianus pulchellus","alti",0,"overall"
"158","Chaetodon ocellatus","alti",0,"overall"
"159","Decapterus sp.","alti",0,"overall"
"160","Epinephalus striatus","alti",0,"overall"
"161","Haemulon bonariense","alti",0,"overall"
"162","Lachnolaimus maximus","alti",0,"overall"
"163","Lactophrys trigonus","alti",0,"overall"
"164","Mycteroperca tigris","alti",0,"overall"
"165","Opistognathus aurifrons","alti",0,"overall"
"166","Pseudupeneus maculatus","alti",0,"overall"
"167","Scarus viride","alti",0,"overall"
"168","Serranus tabacarrius","alti",0,"overall"
"169","Trachinotus goodei","alti",0,"overall"
"170","Vomerogobius flavus","alti",0,"overall"
"171","Pterois volitans","alti",0.00917523044389259,"overall"
"172","Gramma melacara","alti",0.0379415360875203,"overall"
"173","Canthigaster jamestyleri","alti",0.0900506332170472,"overall"
"174","Holacanthus tricolor","alti",0.116989928831327,"overall"
"175","Prognathodes aculeatus","alti",0.118124538955515,"overall"
"176","Chaetodon striatus","alti",0.139455182532908,"overall"
"177","Cephalopholis cruentata","alti",0.145365515603792,"overall"
"178","Mulloidichthys martinicus","alti",0.179573512916778,"overall"
"179","Halichoeres pictus","alti",0.188235294117647,"overall"
"180","Coryphopterus personatus","alti",0.222273683839377,"overall"
"181","Halichoeres garnoti","alti",0.240024715615142,"overall"
"182","Chaunax pictus","alti",0.271690943628098,"overall"
"183","Haemulon plumierii","alti",0.313914656793131,"overall"
"184","Chromis insolata","alti",0.325423563243943,"overall"
"185","Haemulon flavolineatum","alti",0.327337810551431,"overall"
"186","Sparisoma atomarium","alti",0.396041544217622,"overall"
"187","Holacanthus ciliaris","alti",0.412028567910008,"overall"
"188","Canthigaster rostrata","alti",0.493002194313162,"overall"
"189","Bodianus rufus","alti",0.50739482288505,"overall"
"190","Scarus taeniopterus","alti",0.513840660451485,"overall"
"191","Chaetodon capistratus","alti",0.585329364373648,"overall"
"192","Hypoplectrus nigricans","alti",0.627681100814195,"overall"
"193","Clepticus parrae","alti",0.729183938454331,"overall"
"194","Stegastes xanthurus","alti",0.736196319031498,"overall"
"195","Carangoides ruber","alti",0.747622416243548,"overall"
"196","Halichoeres maculipinna","alti",0.788990825700254,"overall"
"197","Sparisoma aurofrenatum","alti",0.796685222654811,"overall"
"198","Chromis cyanea","alti",0.864767121700123,"overall"
"199","Stegastes partitus","alti",0.894007326166387,"overall"
"200","Gramma loreto","alti",0.943859111953859,"overall"
"201","Sparisoma viride","alti",0.961940457029118,"overall"
"202","Ocyurus chrysurus","alti",0.972290243588168,"overall"
"203","Scarus iseri","alti",0.982296607894518,"overall"
"204","Acanthurus coeruleus","alti",0.986188466214618,"overall"
"205","Thalassoma bifasciatum","alti",0.992261109235897,"overall"
"206","Abudefduf saxatilis","alti",1,"overall"
"207","Anisotremus virginicus","alti",1,"overall"
"208","Aulostomus maculatus","alti",1,"overall"
"209","Calamus calamus","alti",1,"overall"
"210","Cantherhines sp.","alti",1,"overall"
"211","Elacatinus lobeli","alti",1,"overall"
"212","Haemulon sciurus","alti",1,"overall"
"213","Melichthys niger","alti",1,"overall"
"214","Microspathodon chrysurus","alti",1,"overall"
"215","Sparisoma chrysopterum","alti",1,"overall"
"216","Sparisoma rubripinne","alti",1,"overall"
"217","Stegastes diencaeus","alti",1,"overall"
"218","Stegastes planifrons","alti",1,"overall"
"219","Stegastes variabilis","alti",1,"overall"
"220","Stegastes viride","alti",1,"overall"
"221","Caranx latus","alti",1,"overall"
"222","Lactophrys triqueter","alti",1,"overall"
"223","Serranus chionaraia","alti",1,"overall"
"224","Scarus vetula","alti",1,"overall"
"225","Acanthurus chirurgus","alti",1,"overall"
"226","Canthidermis sufflamen","alti",1,"overall"
"227","Cephalopholis fulva","alti",1,"overall"
"228","Hypoplectrus indigo","alti",1,"overall"
"229","Hypoplectrus puella","alti",1,"overall"
"230","Chromis multilineata","alti",1,"overall"
"231","Acanthurus tractus","alti",1,"overall"
"232","Bellator brachychir","u.meso",0,"overall"
"233","Foetorepus agassizii","u.meso",0,"overall"
"234","Pristipomoides macrophthalmus","u.meso",0,"overall"
"235","Sphyraenops bairdianus","u.meso",0,"overall"
"236","Bathyanthias sp.","u.meso",0,"overall"
"237","Hyporthodus niveatus","u.meso",0,"overall"
"238","Peristedion brevirostre","u.meso",0,"overall"
"239","Pristipomoides freemani","u.meso",0,"overall"
"240","Scorpaena brasiliensis","u.meso",0,"overall"
"241","Syacium gunteri","u.meso",0,"overall"
"242","Synagrops egretta","u.meso",0,"overall"
"243","Brotula barbata","u.meso",0,"overall"
"244","Gastropsetta frontalis","u.meso",0,"overall"
"245","Scorpaenodes caribbaeus","u.meso",0,"overall"
"246","Zalieutes mcgintyi","u.meso",0,"overall"
"247","Etelis oculatus","u.meso",0,"overall"
"248","Palatogobius paradoxus","u.meso",0,"overall"
"249","Seriola dumerili","u.meso",0,"overall"
"250","Varicus adamsi","u.meso",0,"overall"
"251","Antigonia capros","u.meso",0,"overall"
"252","Chrionema squamentum","u.meso",0,"overall"
"253","Pristipomoides aquilonaris","u.meso",0,"overall"
"254","Bellator egretta","u.meso",0,"overall"
"255","Synagrops bellus","u.meso",0,"overall"
"256","Liopropoma santi","u.meso",0,"overall"
"257","Varicus veliguttatus","u.meso",0,"overall"
"258","Bembrops sp.","u.meso",0,"overall"
"259","Sphoeroides dorsalis","u.meso",0,"overall"
"260","Gephyroberyx darwinii","u.meso",0,"overall"
"261","Ogcocephalus corniger","u.meso",0,"overall"
"262","Polylepion sp.","u.meso",0,"overall"
"263","Pontinus nematophthalmus","u.meso",0,"overall"
"264","Caulolatilus plumieri","u.meso",0,"overall"
"265","Lipogramma evides","u.meso",0,"overall"
"266","Physiculus fulvus","u.meso",0,"overall"
"267","Symphysanodon octoactinus","u.meso",0,"overall"
"268","Lipogramma haberi","u.meso",0,"overall"
"269","Plectranthias garrupellus","u.meso",0,"overall"
"270","Opistognathus schrieri","u.meso",0,"overall"
"271","Lipogramma schrieri","u.meso",0,"overall"
"272","Aulopus filamentosus","u.meso",0,"overall"
"273","Verilus sordidus","u.meso",0,"overall"
"274","Epigonidae","u.meso",0,"overall"
"275","Hollardia hollardi","u.meso",0,"overall"
"276","Neoepinnula americana","u.meso",0,"overall"
"277","Neoscopelus macrolepidotus","u.meso",0,"overall"
"278","Phenacoscorpius nebrius","u.meso",0,"overall"
"279","Haptoclinus dropi","u.meso",0,"overall"
"280","Lipogramma barrettorum","u.meso",0,"overall"
"281","Apogon maculatus","u.meso",0,"overall"
"282","Gymnothorax moringa","u.meso",0,"overall"
"283","Muraena retifera","u.meso",0,"overall"
"284","Ogcocephalus parvus","u.meso",0,"overall"
"285","Psilotris laurae","u.meso",0,"overall"
"286","Scorpaenodes barrybrowni","u.meso",0,"overall"
"287","Serranus atrobranchus","u.meso",0,"overall"
"288","Varicus cephalocellatus","u.meso",0,"overall"
"289","Heteropriacanthus cruentatus","u.meso",0,"overall"
"290","Sargocentron poco","u.meso",0,"overall"
"291","Symphysanodon berryi","u.meso",0,"overall"
"292","Jeboehlkia gladifer","u.meso",0,"overall"
"293","Gonioplectrus hispanus","u.meso",0,"overall"
"294","Pontinus castor","u.meso",0,"overall"
"295","Anthias asperilinguis","u.meso",0,"overall"
"296","Ostichthys trachypoma","u.meso",0,"overall"
"297","Caulolatilus dooleyi","u.meso",0,"overall"
"298","Decodon puellaris","u.meso",0,"overall"
"299","Serranus notospilus","u.meso",0,"overall"
"300","Liopropoma olneyi","u.meso",0,"overall"
"301","Palatogobius grandoculus","u.meso",0,"overall"
"302","Corniger spinosus","u.meso",0,"overall"
"303","Priacanthus arenatus","u.meso",0,"overall"
"304","Serranus phoebe","u.meso",0,"overall"
"305","Varicus decorum","u.meso",0,"overall"
"306","Equetus lanceolatus","u.meso",0,"overall"
"307","Baldwinella vivanus","u.meso",0,"overall"
"308","Liopropoma aberrans","u.meso",0,"overall"
"309","Prognathodes guyanensis","u.meso",0,"overall"
"310","Plectranthias sp.","u.meso",0,"overall"
"311","Apogon pseudomaculatus","u.meso",0,"overall"
"312","Pronotogrammus martinicensis","u.meso",0,"overall"
"313","Lipogramma levinsoni","u.meso",0,"overall"
"314","Apogon gouldi","u.meso",0,"overall"
"315","Fistularia sp.","u.meso",0,"overall"
"316","Hemanthias leptus","u.meso",0,"overall"
"317","Lipogramma idabeli","u.meso",0,"overall"
"318","Choranthias tenuis","u.meso",0,"overall"
"319","Sargocentron bullisi","u.meso",0,"overall"
"320","Derilissus lombardii","u.meso",0,"overall"
"321","Haemulon chrysargyreum","u.meso",0,"overall"
"322","Bollmannia boqueronensis","u.meso",0,"overall"
"323","Bollmannia eigenmanni","u.meso",0,"overall"
"324","Carangoides bartholomaei","u.meso",0,"overall"
"325","Halichoeres bathyphilus","u.meso",0,"overall"
"326","Neoniphon coruscum","u.meso",0,"overall"
"327","Oxyurichthys stigmalophius","u.meso",0,"overall"
"328","Priolepis hipoliti","u.meso",0,"overall"
"329","Rypticus maculatus","u.meso",0,"overall"
"330","Lipogramma regium","u.meso",0,"overall"
"331","Myctoperca bonaci","u.meso",0,"overall"
"332","Decodon shallow","u.meso",0.0050589292336568,"overall"
"333","Pristigenys alta","u.meso",0.0342596626240343,"overall"
"334","Palatogobius incendius","u.meso",0.0716741779302363,"overall"
"335","Bullisichthys caribbaeus","u.meso",0.0957499533152148,"overall"
"336","Caranx lugubris","u.meso",0.112849746921564,"overall"
"337","Centropristis fuscula","u.meso",0.132966990679608,"overall"
"338","Lipogramma trilineata","u.meso",0.144100957891952,"overall"
"339","Rypticus saponaceous","u.meso",0.150255942842672,"overall"
"340","Haemulon vittata","u.meso",0.163110916397273,"overall"
"341","Rypticus saponaceus","u.meso",0.164843772747436,"overall"
"342","Antilligobius nikkiae","u.meso",0.172705204231408,"overall"
"343","Chromis enchrysura","u.meso",0.190331002677955,"overall"
"344","Serranus luciopercanus","u.meso",0.198055996494849,"overall"
"345","Pomacanthus arcuatus","u.meso",0.214285714313231,"overall"
"346","Liopropoma mowbrayi","u.meso",0.227119151842571,"overall"
"347","Liopropoma carmabi","u.meso",0.289469103556372,"overall"
"348","Lipogramma flavescens","u.meso",0.30223422735558,"overall"
"349","Paroncheilus affinis","u.meso",0.326528949141638,"overall"
"350","Coryphopterus curasub","u.meso",0.362887625313263,"overall"
"351","Myripristis jacobus","u.meso",0.374389109309557,"overall"
"352","Lipogramma klayi","u.meso",0.389381744901457,"overall"
"353","Serranus annularis","u.meso",0.392726508232999,"overall"
"354","Seriola rivoliana","u.meso",0.407398334126259,"overall"
"355","Ptereleotris helenae","u.meso",0.438812588830853,"overall"
"356","Mycteroperca bonaci","u.meso",0.45971137757563,"overall"
"357","Flammeo marianus","u.meso",0.46410431562583,"overall"
"358","Holocentrus adscensionis","u.meso",0.479503131991753,"overall"
"359","Gymnothorax ocellatus","u.meso",0.5,"overall"
"360","Pinnichthys aimoriensis","u.meso",0.5,"overall"
"361","Elacatinus chancei","u.meso",0.5,"overall"
"362","Chaetodon sedentarius","u.meso",0.623256629656394,"overall"
"363","Gnatholepis thompsoni","u.meso",0.666666666666667,"overall"
"364","Serranus tortugarum","u.meso",0.666666666666667,"overall"
"365","Malacanthus plumieri","u.meso",0.669683476661078,"overall"
"366","Haemulon striatum","u.meso",0.699144118193741,"overall"
"367","Epinephelus adscensionis","u.meso",0.710463002615367,"overall"
"368","Paranthias furcifer","u.meso",0.742446703121709,"overall"
"369","Gramma linki","u.meso",0.747459702869864,"overall"
"370","Pomacanthus paru","u.meso",0.765348344843885,"overall"
"371","Chromis scotti","u.meso",0.76576465361677,"overall"
"372","Centropyge argi","u.meso",0.770992493846749,"overall"
"373","Xanthichthys ringens","u.meso",0.813313741583786,"overall"
"374","Sphyraena barracuda","u.meso",0.875755874109431,"overall"
"375","Epinephelus guttatus","u.meso",0.876901054143363,"overall"
"376","Holocentrus rufus","u.meso",0.89807486803991,"overall"
"377","Anisotremus surinamensis","u.meso",1,"overall"
"378","Gymnothorax funebris","u.meso",1,"overall"
"379","Hypoplectrus chlorurus","u.meso",1,"overall"
"380","Mycteroperca interstitialis","u.meso",1,"overall"
"381","Serranus tabacarius","u.meso",1,"overall"
"382","Serranus tigrinus","u.meso",1,"overall"
"383","Acanthostracion polygonius","u.meso",1,"overall"
"384","Acanthostracion quadricornis","u.meso",1,"overall"
"385","Apogon pillionatus","u.meso",1,"overall"
"386","Apogon lachneri","u.meso",1,"overall"
"387","Apsilus dentatus","u.meso",1,"overall"
"388","Bodianus pulchellus","u.meso",1,"overall"
"389","Chaetodon ocellatus","u.meso",1,"overall"
"390","Decapterus sp.","u.meso",1,"overall"
"391","Epinephalus striatus","u.meso",1,"overall"
"392","Haemulon bonariense","u.meso",1,"overall"
"393","Lachnolaimus maximus","u.meso",1,"overall"
"394","Lactophrys trigonus","u.meso",1,"overall"
"395","Mycteroperca tigris","u.meso",1,"overall"
"396","Opistognathus aurifrons","u.meso",1,"overall"
"397","Pseudupeneus maculatus","u.meso",1,"overall"
"398","Scarus viride","u.meso",1,"overall"
"399","Serranus tabacarrius","u.meso",1,"overall"
"400","Trachinotus goodei","u.meso",1,"overall"
"401","Vomerogobius flavus","u.meso",1,"overall"
"402","Pterois volitans","u.meso",0.751029308226241,"overall"
"403","Gramma melacara","u.meso",0.954794671298841,"overall"
"404","Canthigaster jamestyleri","u.meso",0.32618764331446,"overall"
"405","Holacanthus tricolor","u.meso",0.911426583655643,"overall"
"406","Prognathodes aculeatus","u.meso",0.616054828582169,"overall"
"407","Chaetodon striatus","u.meso",0.742637973062966,"overall"
"408","Cephalopholis cruentata","u.meso",0.498643463019213,"overall"
"409","Mulloidichthys martinicus","u.meso",0.854035730456715,"overall"
"410","Halichoeres pictus","u.meso",0.811764705882353,"overall"
"411","Coryphopterus personatus","u.meso",0.777726316160623,"overall"
"412","Halichoeres garnoti","u.meso",0.855619254074536,"overall"
"413","Chaunax pictus","u.meso",0,"overall"
"414","Haemulon plumierii","u.meso",0.686085343206869,"overall"
"415","Chromis insolata","u.meso",0.775038871263473,"overall"
"416","Haemulon flavolineatum","u.meso",0.848210703447395,"overall"
"417","Sparisoma atomarium","u.meso",0.603958455782378,"overall"
"418","Holacanthus ciliaris","u.meso",0.195990477363331,"overall"
"419","Canthigaster rostrata","u.meso",0.483848227755105,"overall"
"420","Bodianus rufus","u.meso",0.83086839237165,"overall"
"421","Scarus taeniopterus","u.meso",0.828719779849505,"overall"
"422","Chaetodon capistratus","u.meso",0.726372151095507,"overall"
"423","Hypoplectrus nigricans","u.meso",0.372318899185805,"overall"
"424","Clepticus parrae","u.meso",0.79531796920785,"overall"
"425","Stegastes xanthurus","u.meso",0.263803680968502,"overall"
"426","Carangoides ruber","u.meso",0.407624471421894,"overall"
"427","Halichoeres maculipinna","u.meso",0.211009174299746,"overall"
"428","Sparisoma aurofrenatum","u.meso",0.601657388672594,"overall"
"429","Chromis cyanea","u.meso",0.776466143878204,"overall"
"430","Stegastes partitus","u.meso",0.764097469534853,"overall"
"431","Gramma loreto","u.meso",0.68538029601538,"overall"
"432","Sparisoma viride","u.meso",0.679353180990294,"overall"
"433","Ocyurus chrysurus","u.meso",0.258638471939342,"overall"
"434","Scarus iseri","u.meso",0.0177033921054821,"overall"
"435","Acanthurus coeruleus","u.meso",0.671270511261794,"overall"
"436","Thalassoma bifasciatum","u.meso",0.503869445382051,"overall"
"437","Abudefduf saxatilis","u.meso",0,"overall"
"438","Anisotremus virginicus","u.meso",0,"overall"
"439","Aulostomus maculatus","u.meso",0,"overall"
"440","Calamus calamus","u.meso",0,"overall"
"441","Cantherhines sp.","u.meso",0,"overall"
"442","Elacatinus lobeli","u.meso",0,"overall"
"443","Haemulon sciurus","u.meso",0,"overall"
"444","Melichthys niger","u.meso",0,"overall"
"445","Microspathodon chrysurus","u.meso",0,"overall"
"446","Sparisoma chrysopterum","u.meso",0,"overall"
"447","Sparisoma rubripinne","u.meso",0,"overall"
"448","Stegastes diencaeus","u.meso",0,"overall"
"449","Stegastes planifrons","u.meso",0,"overall"
"450","Stegastes variabilis","u.meso",0,"overall"
"451","Stegastes viride","u.meso",0,"overall"
"452","Caranx latus","u.meso",0,"overall"
"453","Lactophrys triqueter","u.meso",0,"overall"
"454","Serranus chionaraia","u.meso",0,"overall"
"455","Scarus vetula","u.meso",0.5,"overall"
"456","Acanthurus chirurgus","u.meso",0.5,"overall"
"457","Canthidermis sufflamen","u.meso",0.5,"overall"
"458","Cephalopholis fulva","u.meso",0.5,"overall"
"459","Hypoplectrus indigo","u.meso",0.5,"overall"
"460","Hypoplectrus puella","u.meso",0.5,"overall"
"461","Chromis multilineata","u.meso",0.569725153526374,"overall"
"462","Acanthurus tractus","u.meso",0.666666666666667,"overall"
"463","Bellator brachychir","l.meso",0,"overall"
"464","Foetorepus agassizii","l.meso",0,"overall"
"465","Pristipomoides macrophthalmus","l.meso",0,"overall"
"466","Sphyraenops bairdianus","l.meso",0,"overall"
"467","Bathyanthias sp.","l.meso",0,"overall"
"468","Hyporthodus niveatus","l.meso",0,"overall"
"469","Peristedion brevirostre","l.meso",0,"overall"
"470","Pristipomoides freemani","l.meso",0,"overall"
"471","Scorpaena brasiliensis","l.meso",0,"overall"
"472","Syacium gunteri","l.meso",0,"overall"
"473","Synagrops egretta","l.meso",0,"overall"
"474","Brotula barbata","l.meso",0,"overall"
"475","Gastropsetta frontalis","l.meso",0,"overall"
"476","Scorpaenodes caribbaeus","l.meso",0,"overall"
"477","Zalieutes mcgintyi","l.meso",0,"overall"
"478","Etelis oculatus","l.meso",0,"overall"
"479","Palatogobius paradoxus","l.meso",0,"overall"
"480","Seriola dumerili","l.meso",0,"overall"
"481","Varicus adamsi","l.meso",0,"overall"
"482","Antigonia capros","l.meso",0,"overall"
"483","Chrionema squamentum","l.meso",0,"overall"
"484","Pristipomoides aquilonaris","l.meso",0,"overall"
"485","Bellator egretta","l.meso",0,"overall"
"486","Synagrops bellus","l.meso",0,"overall"
"487","Liopropoma santi","l.meso",0,"overall"
"488","Varicus veliguttatus","l.meso",0,"overall"
"489","Bembrops sp.","l.meso",0,"overall"
"490","Sphoeroides dorsalis","l.meso",0,"overall"
"491","Gephyroberyx darwinii","l.meso",0,"overall"
"492","Ogcocephalus corniger","l.meso",0,"overall"
"493","Polylepion sp.","l.meso",0,"overall"
"494","Pontinus nematophthalmus","l.meso",0,"overall"
"495","Caulolatilus plumieri","l.meso",0,"overall"
"496","Lipogramma evides","l.meso",0,"overall"
"497","Physiculus fulvus","l.meso",0,"overall"
"498","Symphysanodon octoactinus","l.meso",0,"overall"
"499","Lipogramma haberi","l.meso",0,"overall"
"500","Plectranthias garrupellus","l.meso",0,"overall"
"501","Opistognathus schrieri","l.meso",0,"overall"
"502","Lipogramma schrieri","l.meso",0,"overall"
"503","Aulopus filamentosus","l.meso",0,"overall"
"504","Verilus sordidus","l.meso",0,"overall"
"505","Epigonidae","l.meso",0,"overall"
"506","Hollardia hollardi","l.meso",0,"overall"
"507","Neoepinnula americana","l.meso",0,"overall"
"508","Neoscopelus macrolepidotus","l.meso",0,"overall"
"509","Phenacoscorpius nebrius","l.meso",0,"overall"
"510","Haptoclinus dropi","l.meso",0,"overall"
"511","Lipogramma barrettorum","l.meso",0,"overall"
"512","Apogon maculatus","l.meso",0,"overall"
"513","Gymnothorax moringa","l.meso",0,"overall"
"514","Muraena retifera","l.meso",0,"overall"
"515","Ogcocephalus parvus","l.meso",0,"overall"
"516","Psilotris laurae","l.meso",0,"overall"
"517","Scorpaenodes barrybrowni","l.meso",0,"overall"
"518","Serranus atrobranchus","l.meso",0,"overall"
"519","Varicus cephalocellatus","l.meso",0,"overall"
"520","Heteropriacanthus cruentatus","l.meso",0,"overall"
"521","Sargocentron poco","l.meso",0,"overall"
"522","Symphysanodon berryi","l.meso",0.00147675450694538,"overall"
"523","Jeboehlkia gladifer","l.meso",0.00353923008440063,"overall"
"524","Gonioplectrus hispanus","l.meso",0.0208177071825667,"overall"
"525","Pontinus castor","l.meso",0.037974070651629,"overall"
"526","Anthias asperilinguis","l.meso",0.0410896107293494,"overall"
"527","Ostichthys trachypoma","l.meso",0.045871210398295,"overall"
"528","Caulolatilus dooleyi","l.meso",0.060032030735271,"overall"
"529","Decodon puellaris","l.meso",0.0705224118044165,"overall"
"530","Serranus notospilus","l.meso",0.071140000463197,"overall"
"531","Liopropoma olneyi","l.meso",0.0742546546325187,"overall"
"532","Palatogobius grandoculus","l.meso",0.127588702999621,"overall"
"533","Corniger spinosus","l.meso",0.133469104932794,"overall"
"534","Priacanthus arenatus","l.meso",0.159420289824569,"overall"
"535","Serranus phoebe","l.meso",0.162972341824305,"overall"
"536","Varicus decorum","l.meso",0.167896478861015,"overall"
"537","Equetus lanceolatus","l.meso",0.213569906261574,"overall"
"538","Baldwinella vivanus","l.meso",0.218993376672909,"overall"
"539","Liopropoma aberrans","l.meso",0.23630428641146,"overall"
"540","Prognathodes guyanensis","l.meso",0.29574695086987,"overall"
"541","Plectranthias sp.","l.meso",0.333333333333333,"overall"
"542","Apogon pseudomaculatus","l.meso",0.383741375152604,"overall"
"543","Pronotogrammus martinicensis","l.meso",0.393482592481977,"overall"
"544","Lipogramma levinsoni","l.meso",0.459600336280347,"overall"
"545","Apogon gouldi","l.meso",0.476518820035103,"overall"
"546","Fistularia sp.","l.meso",0.5,"overall"
"547","Hemanthias leptus","l.meso",0.5,"overall"
"548","Lipogramma idabeli","l.meso",0.540983606599229,"overall"
"549","Choranthias tenuis","l.meso",0.667148063096088,"overall"
"550","Sargocentron bullisi","l.meso",0.673253461953624,"overall"
"551","Derilissus lombardii","l.meso",0.802746964682162,"overall"
"552","Haemulon chrysargyreum","l.meso",0.955922171145217,"overall"
"553","Bollmannia boqueronensis","l.meso",1,"overall"
"554","Bollmannia eigenmanni","l.meso",1,"overall"
"555","Carangoides bartholomaei","l.meso",1,"overall"
"556","Halichoeres bathyphilus","l.meso",1,"overall"
"557","Neoniphon coruscum","l.meso",1,"overall"
"558","Oxyurichthys stigmalophius","l.meso",1,"overall"
"559","Priolepis hipoliti","l.meso",1,"overall"
"560","Rypticus maculatus","l.meso",1,"overall"
"561","Lipogramma regium","l.meso",1,"overall"
"562","Myctoperca bonaci","l.meso",1,"overall"
"563","Decodon shallow","l.meso",0.497911646569506,"overall"
"564","Pristigenys alta","l.meso",0.108821616696312,"overall"
"565","Palatogobius incendius","l.meso",0.569656489409015,"overall"
"566","Bullisichthys caribbaeus","l.meso",0.865978125571371,"overall"
"567","Caranx lugubris","l.meso",0.67422021985279,"overall"
"568","Centropristis fuscula","l.meso",0.14350825143166,"overall"
"569","Lipogramma trilineata","l.meso",0.855899042108048,"overall"
"570","Rypticus saponaceous","l.meso",0.553724351248707,"overall"
"571","Haemulon vittata","l.meso",0.836889083602727,"overall"
"572","Rypticus saponaceus","l.meso",0.556897449857231,"overall"
"573","Antilligobius nikkiae","l.meso",0.726729195924919,"overall"
"574","Chromis enchrysura","l.meso",0.50808629359384,"overall"
"575","Serranus luciopercanus","l.meso",0.714491504935691,"overall"
"576","Pomacanthus arcuatus","l.meso",0.785714285686769,"overall"
"577","Liopropoma mowbrayi","l.meso",0.720640511070668,"overall"
"578","Liopropoma carmabi","l.meso",0.5,"overall"
"579","Lipogramma flavescens","l.meso",0,"overall"
"580","Paroncheilus affinis","l.meso",0.672356087268871,"overall"
"581","Coryphopterus curasub","l.meso",0.637112374686738,"overall"
"582","Myripristis jacobus","l.meso",0.625610890690443,"overall"
"583","Lipogramma klayi","l.meso",0.610618255098543,"overall"
"584","Serranus annularis","l.meso",0.607273491767001,"overall"
"585","Seriola rivoliana","l.meso",0,"overall"
"586","Ptereleotris helenae","l.meso",0.55458867971656,"overall"
"587","Mycteroperca bonaci","l.meso",0.54028862242437,"overall"
"588","Flammeo marianus","l.meso",0.499993380506283,"overall"
"589","Holocentrus adscensionis","l.meso",0.294352577730572,"overall"
"590","Gymnothorax ocellatus","l.meso",0,"overall"
"591","Pinnichthys aimoriensis","l.meso",0,"overall"
"592","Elacatinus chancei","l.meso",0.5,"overall"
"593","Chaetodon sedentarius","l.meso",0.376743370343606,"overall"
"594","Gnatholepis thompsoni","l.meso",0.333333333333333,"overall"
"595","Serranus tortugarum","l.meso",0.333333333333333,"overall"
"596","Malacanthus plumieri","l.meso",0.304196117161689,"overall"
"597","Haemulon striatum","l.meso",0.284886356536838,"overall"
"598","Epinephelus adscensionis","l.meso",0.126199006199083,"overall"
"599","Paranthias furcifer","l.meso",0.257553296878291,"overall"
"600","Gramma linki","l.meso",0.252540297130136,"overall"
"601","Pomacanthus paru","l.meso",0,"overall"
"602","Chromis scotti","l.meso",0.228518950204745,"overall"
"603","Centropyge argi","l.meso",0.229007506153251,"overall"
"604","Xanthichthys ringens","l.meso",0.158176021796063,"overall"
"605","Sphyraena barracuda","l.meso",0.07638426685554,"overall"
"606","Epinephelus guttatus","l.meso",0.123098945856636,"overall"
"607","Holocentrus rufus","l.meso",0.10192513196009,"overall"
"608","Anisotremus surinamensis","l.meso",0,"overall"
"609","Gymnothorax funebris","l.meso",0,"overall"
"610","Hypoplectrus chlorurus","l.meso",0,"overall"
"611","Mycteroperca interstitialis","l.meso",0,"overall"
"612","Serranus tabacarius","l.meso",0,"overall"
"613","Serranus tigrinus","l.meso",0,"overall"
"614","Acanthostracion polygonius","l.meso",0,"overall"
"615","Acanthostracion quadricornis","l.meso",0,"overall"
"616","Apogon pillionatus","l.meso",0,"overall"
"617","Apogon lachneri","l.meso",0,"overall"
"618","Apsilus dentatus","l.meso",0,"overall"
"619","Bodianus pulchellus","l.meso",0,"overall"
"620","Chaetodon ocellatus","l.meso",0,"overall"
"621","Decapterus sp.","l.meso",0,"overall"
"622","Epinephalus striatus","l.meso",0,"overall"
"623","Haemulon bonariense","l.meso",0,"overall"
"624","Lachnolaimus maximus","l.meso",0,"overall"
"625","Lactophrys trigonus","l.meso",0,"overall"
"626","Mycteroperca tigris","l.meso",0,"overall"
"627","Opistognathus aurifrons","l.meso",0,"overall"
"628","Pseudupeneus maculatus","l.meso",0,"overall"
"629","Scarus viride","l.meso",0,"overall"
"630","Serranus tabacarrius","l.meso",0,"overall"
"631","Trachinotus goodei","l.meso",0,"overall"
"632","Vomerogobius flavus","l.meso",0,"overall"
"633","Pterois volitans","l.meso",0.133859030479814,"overall"
"634","Gramma melacara","l.meso",0.00726379261363837,"overall"
"635","Canthigaster jamestyleri","l.meso",0.290411251453545,"overall"
"636","Holacanthus tricolor","l.meso",0.0107163363019933,"overall"
"637","Prognathodes aculeatus","l.meso",0.247623190302641,"overall"
"638","Chaetodon striatus","l.meso",0.210876966092732,"overall"
"639","Cephalopholis cruentata","l.meso",0.441280735618994,"overall"
"640","Mulloidichthys martinicus","l.meso",0.0861064319043585,"overall"
"641","Halichoeres pictus","l.meso",0,"overall"
"642","Coryphopterus personatus","l.meso",0,"overall"
"643","Halichoeres garnoti","l.meso",0.0643725073870833,"overall"
"644","Chaunax pictus","l.meso",0,"overall"
"645","Haemulon plumierii","l.meso",0,"overall"
"646","Chromis insolata","l.meso",0.138115103954052,"overall"
"647","Haemulon flavolineatum","l.meso",0.042676693035461,"overall"
"648","Sparisoma atomarium","l.meso",0,"overall"
"649","Holacanthus ciliaris","l.meso",0.666666666666667,"overall"
"650","Canthigaster rostrata","l.meso",0.328152192185666,"overall"
"651","Bodianus rufus","l.meso",0,"overall"
"652","Scarus taeniopterus","l.meso",0,"overall"
"653","Chaetodon capistratus","l.meso",0.0785180607799438,"overall"
"654","Hypoplectrus nigricans","l.meso",0,"overall"
"655","Clepticus parrae","l.meso",0.0223860461785675,"overall"
"656","Stegastes xanthurus","l.meso",0,"overall"
"657","Carangoides ruber","l.meso",0.225286400601071,"overall"
"658","Halichoeres maculipinna","l.meso",0,"overall"
"659","Sparisoma aurofrenatum","l.meso",0,"overall"
"660","Chromis cyanea","l.meso",0.00734207569676485,"overall"
"661","Stegastes partitus","l.meso",0.0124006989235501,"overall"
"662","Gramma loreto","l.meso",0,"overall"
"663","Sparisoma viride","l.meso",0,"overall"
"664","Ocyurus chrysurus","l.meso",0.255216406266573,"overall"
"665","Scarus iseri","l.meso",0,"overall"
"666","Acanthurus coeruleus","l.meso",0,"overall"
"667","Thalassoma bifasciatum","l.meso",0,"overall"
"668","Abudefduf saxatilis","l.meso",0,"overall"
"669","Anisotremus virginicus","l.meso",0,"overall"
"670","Aulostomus maculatus","l.meso",0,"overall"
"671","Calamus calamus","l.meso",0,"overall"
"672","Cantherhines sp.","l.meso",0,"overall"
"673","Elacatinus lobeli","l.meso",0,"overall"
"674","Haemulon sciurus","l.meso",0,"overall"
"675","Melichthys niger","l.meso",0,"overall"
"676","Microspathodon chrysurus","l.meso",0,"overall"
"677","Sparisoma chrysopterum","l.meso",0,"overall"
"678","Sparisoma rubripinne","l.meso",0,"overall"
"679","Stegastes diencaeus","l.meso",0,"overall"
"680","Stegastes planifrons","l.meso",0,"overall"
"681","Stegastes variabilis","l.meso",0,"overall"
"682","Stegastes viride","l.meso",0,"overall"
"683","Caranx latus","l.meso",0,"overall"
"684","Lactophrys triqueter","l.meso",0.5,"overall"
"685","Serranus chionaraia","l.meso",0.5,"overall"
"686","Scarus vetula","l.meso",0,"overall"
"687","Acanthurus chirurgus","l.meso",0,"overall"
"688","Canthidermis sufflamen","l.meso",0,"overall"
"689","Cephalopholis fulva","l.meso",0,"overall"
"690","Hypoplectrus indigo","l.meso",0,"overall"
"691","Hypoplectrus puella","l.meso",0,"overall"
"692","Chromis multilineata","l.meso",0.180274846473626,"overall"
"693","Acanthurus tractus","l.meso",0,"overall"
"694","Bellator brachychir","u.rari",0,"overall"
"695","Foetorepus agassizii","u.rari",0,"overall"
"696","Pristipomoides macrophthalmus","u.rari",0,"overall"
"697","Sphyraenops bairdianus","u.rari",0,"overall"
"698","Bathyanthias sp.","u.rari",0,"overall"
"699","Hyporthodus niveatus","u.rari",0,"overall"
"700","Peristedion brevirostre","u.rari",0,"overall"
"701","Pristipomoides freemani","u.rari",0,"overall"
"702","Scorpaena brasiliensis","u.rari",0,"overall"
"703","Syacium gunteri","u.rari",0,"overall"
"704","Synagrops egretta","u.rari",0,"overall"
"705","Brotula barbata","u.rari",0,"overall"
"706","Gastropsetta frontalis","u.rari",0,"overall"
"707","Scorpaenodes caribbaeus","u.rari",0,"overall"
"708","Zalieutes mcgintyi","u.rari",0,"overall"
"709","Etelis oculatus","u.rari",0,"overall"
"710","Palatogobius paradoxus","u.rari",0,"overall"
"711","Seriola dumerili","u.rari",0,"overall"
"712","Varicus adamsi","u.rari",0,"overall"
"713","Antigonia capros","u.rari",0.124893287781727,"overall"
"714","Chrionema squamentum","u.rari",0.0133540496692399,"overall"
"715","Pristipomoides aquilonaris","u.rari",0.168002313577785,"overall"
"716","Bellator egretta","u.rari",0.179374698355721,"overall"
"717","Synagrops bellus","u.rari",0.200713893439799,"overall"
"718","Liopropoma santi","u.rari",0.211605139719566,"overall"
"719","Varicus veliguttatus","u.rari",0.238783439626859,"overall"
"720","Bembrops sp.","u.rari",0.249706519314749,"overall"
"721","Sphoeroides dorsalis","u.rari",0.256371406067423,"overall"
"722","Gephyroberyx darwinii","u.rari",0.0463037758211072,"overall"
"723","Ogcocephalus corniger","u.rari",0.261139630126677,"overall"
"724","Polylepion sp.","u.rari",0,"overall"
"725","Pontinus nematophthalmus","u.rari",0.362532506885667,"overall"
"726","Caulolatilus plumieri","u.rari",0.430441400265707,"overall"
"727","Lipogramma evides","u.rari",0.448244653683311,"overall"
"728","Physiculus fulvus","u.rari",0.505955152738322,"overall"
"729","Symphysanodon octoactinus","u.rari",0.578315307748341,"overall"
"730","Lipogramma haberi","u.rari",0.639231374165952,"overall"
"731","Plectranthias garrupellus","u.rari",0.676238885963671,"overall"
"732","Opistognathus schrieri","u.rari",0.712389380488419,"overall"
"733","Lipogramma schrieri","u.rari",0.761359536823046,"overall"
"734","Aulopus filamentosus","u.rari",0,"overall"
"735","Verilus sordidus","u.rari",0,"overall"
"736","Epigonidae","u.rari",0,"overall"
"737","Hollardia hollardi","u.rari",0,"overall"
"738","Neoepinnula americana","u.rari",0,"overall"
"739","Neoscopelus macrolepidotus","u.rari",0,"overall"
"740","Phenacoscorpius nebrius","u.rari",0,"overall"
"741","Haptoclinus dropi","u.rari",0.5,"overall"
"742","Lipogramma barrettorum","u.rari",1,"overall"
"743","Apogon maculatus","u.rari",1,"overall"
"744","Gymnothorax moringa","u.rari",1,"overall"
"745","Muraena retifera","u.rari",1,"overall"
"746","Ogcocephalus parvus","u.rari",1,"overall"
"747","Psilotris laurae","u.rari",1,"overall"
"748","Scorpaenodes barrybrowni","u.rari",1,"overall"
"749","Serranus atrobranchus","u.rari",1,"overall"
"750","Varicus cephalocellatus","u.rari",1,"overall"
"751","Heteropriacanthus cruentatus","u.rari",1,"overall"
"752","Sargocentron poco","u.rari",1,"overall"
"753","Symphysanodon berryi","u.rari",0.0581293362721002,"overall"
"754","Jeboehlkia gladifer","u.rari",0.259137625640914,"overall"
"755","Gonioplectrus hispanus","u.rari",0.966654292182177,"overall"
"756","Pontinus castor","u.rari",0.66594490566449,"overall"
"757","Anthias asperilinguis","u.rari",0,"overall"
"758","Ostichthys trachypoma","u.rari",0.180126711837192,"overall"
"759","Caulolatilus dooleyi","u.rari",0.184138562607379,"overall"
"760","Decodon puellaris","u.rari",0.502607564604941,"overall"
"761","Serranus notospilus","u.rari",0.554662725413011,"overall"
"762","Liopropoma olneyi","u.rari",0.679202899064194,"overall"
"763","Palatogobius grandoculus","u.rari",0.346531034700228,"overall"
"764","Corniger spinosus","u.rari",0.832313849980041,"overall"
"765","Priacanthus arenatus","u.rari",0.34057971017543,"overall"
"766","Serranus phoebe","u.rari",0.750739575455902,"overall"
"767","Varicus decorum","u.rari",0.671445646007041,"overall"
"768","Equetus lanceolatus","u.rari",0.786430093738426,"overall"
"769","Baldwinella vivanus","u.rari",0.379112537530478,"overall"
"770","Liopropoma aberrans","u.rari",0.746967227851964,"overall"
"771","Prognathodes guyanensis","u.rari",0.685381098126753,"overall"
"772","Plectranthias sp.","u.rari",0.666666666666667,"overall"
"773","Apogon pseudomaculatus","u.rari",0.616258624847396,"overall"
"774","Pronotogrammus martinicensis","u.rari",0.533185089364014,"overall"
"775","Lipogramma levinsoni","u.rari",0.540399663719654,"overall"
"776","Apogon gouldi","u.rari",0.523481179964897,"overall"
"777","Fistularia sp.","u.rari",0,"overall"
"778","Hemanthias leptus","u.rari",0.33704115688855,"overall"
"779","Lipogramma idabeli","u.rari",0.459016393400771,"overall"
"780","Choranthias tenuis","u.rari",0.192877307087792,"overall"
"781","Sargocentron bullisi","u.rari",0.326746538046376,"overall"
"782","Derilissus lombardii","u.rari",0.197253035317838,"overall"
"783","Haemulon chrysargyreum","u.rari",0.0440778288547829,"overall"
"784","Bollmannia boqueronensis","u.rari",0,"overall"
"785","Bollmannia eigenmanni","u.rari",0,"overall"
"786","Carangoides bartholomaei","u.rari",0,"overall"
"787","Halichoeres bathyphilus","u.rari",0,"overall"
"788","Neoniphon coruscum","u.rari",0,"overall"
"789","Oxyurichthys stigmalophius","u.rari",0,"overall"
"790","Priolepis hipoliti","u.rari",0,"overall"
"791","Rypticus maculatus","u.rari",0,"overall"
"792","Lipogramma regium","u.rari",0,"overall"
"793","Myctoperca bonaci","u.rari",0,"overall"
"794","Decodon shallow","u.rari",0.497029424196837,"overall"
"795","Pristigenys alta","u.rari",0.792779619971764,"overall"
"796","Palatogobius incendius","u.rari",0.357873250432161,"overall"
"797","Bullisichthys caribbaeus","u.rari",0.0382719211134148,"overall"
"798","Caranx lugubris","u.rari",0.11348584605587,"overall"
"799","Centropristis fuscula","u.rari",0.5,"overall"
"800","Lipogramma trilineata","u.rari",0,"overall"
"801","Rypticus saponaceous","u.rari",0.296019705908621,"overall"
"802","Haemulon vittata","u.rari",0,"overall"
"803","Rypticus saponaceus","u.rari",0,"overall"
"804","Antilligobius nikkiae","u.rari",0.0995795094733306,"overall"
"805","Chromis enchrysura","u.rari",0.301582703728204,"overall"
"806","Serranus luciopercanus","u.rari",0.0874524985694606,"overall"
"807","Pomacanthus arcuatus","u.rari",0,"overall"
"808","Liopropoma mowbrayi","u.rari",0.052240337086762,"overall"
"809","Liopropoma carmabi","u.rari",0.210530896443628,"overall"
"810","Lipogramma flavescens","u.rari",0,"overall"
"811","Paroncheilus affinis","u.rari",0.000579723852265197,"overall"
"812","Coryphopterus curasub","u.rari",0,"overall"
"813","Myripristis jacobus","u.rari",0,"overall"
"814","Lipogramma klayi","u.rari",0,"overall"
"815","Serranus annularis","u.rari",0,"overall"
"816","Seriola rivoliana","u.rari",0.592601665873741,"overall"
"817","Ptereleotris helenae","u.rari",0.00659873145258765,"overall"
"818","Mycteroperca bonaci","u.rari",0,"overall"
"819","Flammeo marianus","u.rari",0.035902303867887,"overall"
"820","Holocentrus adscensionis","u.rari",0.226144290277674,"overall"
"821","Gymnothorax ocellatus","u.rari",0.132030530108658,"overall"
"822","Pinnichthys aimoriensis","u.rari",0.5,"overall"
"823","Elacatinus chancei","u.rari",0,"overall"
"824","Chaetodon sedentarius","u.rari",0,"overall"
"825","Gnatholepis thompsoni","u.rari",0,"overall"
"826","Serranus tortugarum","u.rari",0,"overall"
"827","Malacanthus plumieri","u.rari",0,"overall"
"828","Haemulon striatum","u.rari",0.0159695252694207,"overall"
"829","Epinephelus adscensionis","u.rari",0.163337991185551,"overall"
"830","Paranthias furcifer","u.rari",0,"overall"
"831","Gramma linki","u.rari",0,"overall"
"832","Pomacanthus paru","u.rari",0.234651655156115,"overall"
"833","Chromis scotti","u.rari",0.00571639617848487,"overall"
"834","Centropyge argi","u.rari",0,"overall"
"835","Xanthichthys ringens","u.rari",0.0285102366201517,"overall"
"836","Sphyraena barracuda","u.rari",0.047859859035029,"overall"
"837","Epinephelus guttatus","u.rari",0,"overall"
"838","Holocentrus rufus","u.rari",0,"overall"
"839","Anisotremus surinamensis","u.rari",0,"overall"
"840","Gymnothorax funebris","u.rari",0,"overall"
"841","Hypoplectrus chlorurus","u.rari",0,"overall"
"842","Mycteroperca interstitialis","u.rari",0,"overall"
"843","Serranus tabacarius","u.rari",0,"overall"
"844","Serranus tigrinus","u.rari",0,"overall"
"845","Acanthostracion polygonius","u.rari",0,"overall"
"846","Acanthostracion quadricornis","u.rari",0,"overall"
"847","Apogon pillionatus","u.rari",0,"overall"
"848","Apogon lachneri","u.rari",0,"overall"
"849","Apsilus dentatus","u.rari",0,"overall"
"850","Bodianus pulchellus","u.rari",0,"overall"
"851","Chaetodon ocellatus","u.rari",0,"overall"
"852","Decapterus sp.","u.rari",0,"overall"
"853","Epinephalus striatus","u.rari",0,"overall"
"854","Haemulon bonariense","u.rari",0,"overall"
"855","Lachnolaimus maximus","u.rari",0,"overall"
"856","Lactophrys trigonus","u.rari",0,"overall"
"857","Mycteroperca tigris","u.rari",0,"overall"
"858","Opistognathus aurifrons","u.rari",0,"overall"
"859","Pseudupeneus maculatus","u.rari",0,"overall"
"860","Scarus viride","u.rari",0,"overall"
"861","Serranus tabacarrius","u.rari",0,"overall"
"862","Trachinotus goodei","u.rari",0,"overall"
"863","Vomerogobius flavus","u.rari",0,"overall"
"864","Pterois volitans","u.rari",0.0871490542285323,"overall"
"865","Gramma melacara","u.rari",0,"overall"
"866","Canthigaster jamestyleri","u.rari",0.353384227492979,"overall"
"867","Holacanthus tricolor","u.rari",0.0193621156267,"overall"
"868","Prognathodes aculeatus","u.rari",0.106790846376311,"overall"
"869","Chaetodon striatus","u.rari",0,"overall"
"870","Cephalopholis cruentata","u.rari",0.0237344224608447,"overall"
"871","Mulloidichthys martinicus","u.rari",0,"overall"
"872","Halichoeres pictus","u.rari",0,"overall"
"873","Coryphopterus personatus","u.rari",0,"overall"
"874","Halichoeres garnoti","u.rari",0,"overall"
"875","Chaunax pictus","u.rari",0,"overall"
"876","Haemulon plumierii","u.rari",0,"overall"
"877","Chromis insolata","u.rari",0.00549013397148884,"overall"
"878","Haemulon flavolineatum","u.rari",0,"overall"
"879","Sparisoma atomarium","u.rari",0,"overall"
"880","Holacanthus ciliaris","u.rari",0,"overall"
"881","Canthigaster rostrata","u.rari",0.000501193232332437,"overall"
"882","Bodianus rufus","u.rari",0,"overall"
"883","Scarus taeniopterus","u.rari",0,"overall"
"884","Chaetodon capistratus","u.rari",0,"overall"
"885","Hypoplectrus nigricans","u.rari",0,"overall"
"886","Clepticus parrae","u.rari",0,"overall"
"887","Stegastes xanthurus","u.rari",0,"overall"
"888","Carangoides ruber","u.rari",0.117881655895852,"overall"
"889","Halichoeres maculipinna","u.rari",0,"overall"
"890","Sparisoma aurofrenatum","u.rari",0,"overall"
"891","Chromis cyanea","u.rari",0,"overall"
"892","Stegastes partitus","u.rari",0,"overall"
"893","Gramma loreto","u.rari",0,"overall"
"894","Sparisoma viride","u.rari",0,"overall"
"895","Ocyurus chrysurus","u.rari",0,"overall"
"896","Scarus iseri","u.rari",0,"overall"
"897","Acanthurus coeruleus","u.rari",0,"overall"
"898","Thalassoma bifasciatum","u.rari",0,"overall"
"899","Abudefduf saxatilis","u.rari",0,"overall"
"900","Anisotremus virginicus","u.rari",0,"overall"
"901","Aulostomus maculatus","u.rari",0,"overall"
"902","Calamus calamus","u.rari",0,"overall"
"903","Cantherhines sp.","u.rari",0,"overall"
"904","Elacatinus lobeli","u.rari",0,"overall"
"905","Haemulon sciurus","u.rari",0,"overall"
"906","Melichthys niger","u.rari",0,"overall"
"907","Microspathodon chrysurus","u.rari",0,"overall"
"908","Sparisoma chrysopterum","u.rari",0,"overall"
"909","Sparisoma rubripinne","u.rari",0,"overall"
"910","Stegastes diencaeus","u.rari",0,"overall"
"911","Stegastes planifrons","u.rari",0,"overall"
"912","Stegastes variabilis","u.rari",0,"overall"
"913","Stegastes viride","u.rari",0,"overall"
"914","Caranx latus","u.rari",0.5,"overall"
"915","Lactophrys triqueter","u.rari",0,"overall"
"916","Serranus chionaraia","u.rari",0,"overall"
"917","Scarus vetula","u.rari",0,"overall"
"918","Acanthurus chirurgus","u.rari",0,"overall"
"919","Canthidermis sufflamen","u.rari",0,"overall"
"920","Cephalopholis fulva","u.rari",0,"overall"
"921","Hypoplectrus indigo","u.rari",0,"overall"
"922","Hypoplectrus puella","u.rari",0,"overall"
"923","Chromis multilineata","u.rari",0,"overall"
"924","Acanthurus tractus","u.rari",0,"overall"
"925","Bellator brachychir","l.rari",1,"overall"
"926","Foetorepus agassizii","l.rari",1,"overall"
"927","Pristipomoides macrophthalmus","l.rari",1,"overall"
"928","Sphyraenops bairdianus","l.rari",1,"overall"
"929","Bathyanthias sp.","l.rari",1,"overall"
"930","Hyporthodus niveatus","l.rari",1,"overall"
"931","Peristedion brevirostre","l.rari",1,"overall"
"932","Pristipomoides freemani","l.rari",1,"overall"
"933","Scorpaena brasiliensis","l.rari",1,"overall"
"934","Syacium gunteri","l.rari",1,"overall"
"935","Synagrops egretta","l.rari",1,"overall"
"936","Brotula barbata","l.rari",1,"overall"
"937","Gastropsetta frontalis","l.rari",1,"overall"
"938","Scorpaenodes caribbaeus","l.rari",1,"overall"
"939","Zalieutes mcgintyi","l.rari",1,"overall"
"940","Etelis oculatus","l.rari",1,"overall"
"941","Palatogobius paradoxus","l.rari",1,"overall"
"942","Seriola dumerili","l.rari",1,"overall"
"943","Varicus adamsi","l.rari",1,"overall"
"944","Antigonia capros","l.rari",0.875106712218273,"overall"
"945","Chrionema squamentum","l.rari",0.842635153269857,"overall"
"946","Pristipomoides aquilonaris","l.rari",0.831997686422215,"overall"
"947","Bellator egretta","l.rari",0.820625301644279,"overall"
"948","Synagrops bellus","l.rari",0.799286106560201,"overall"
"949","Liopropoma santi","l.rari",0.788394860280434,"overall"
"950","Varicus veliguttatus","l.rari",0.761216560373141,"overall"
"951","Bembrops sp.","l.rari",0.750293480685251,"overall"
"952","Sphoeroides dorsalis","l.rari",0.743628593932577,"overall"
"953","Gephyroberyx darwinii","l.rari",0.74300845148261,"overall"
"954","Ogcocephalus corniger","l.rari",0.738860369873323,"overall"
"955","Polylepion sp.","l.rari",0.648488531079612,"overall"
"956","Pontinus nematophthalmus","l.rari",0.637467493114333,"overall"
"957","Caulolatilus plumieri","l.rari",0.569558599734293,"overall"
"958","Lipogramma evides","l.rari",0.551755346316689,"overall"
"959","Physiculus fulvus","l.rari",0.494044847261678,"overall"
"960","Symphysanodon octoactinus","l.rari",0.414983631397269,"overall"
"961","Lipogramma haberi","l.rari",0.360768625834048,"overall"
"962","Plectranthias garrupellus","l.rari",0.323761114036329,"overall"
"963","Opistognathus schrieri","l.rari",0.287610619511581,"overall"
"964","Lipogramma schrieri","l.rari",0.238640463176954,"overall"
"965","Aulopus filamentosus","l.rari",0.200000000019775,"overall"
"966","Verilus sordidus","l.rari",0.174603174640418,"overall"
"967","Epigonidae","l.rari",0.107236715931138,"overall"
"968","Hollardia hollardi","l.rari",0,"overall"
"969","Neoepinnula americana","l.rari",0,"overall"
"970","Neoscopelus macrolepidotus","l.rari",0,"overall"
"971","Phenacoscorpius nebrius","l.rari",0,"overall"
"972","Haptoclinus dropi","l.rari",0,"overall"
"973","Lipogramma barrettorum","l.rari",0,"overall"
"974","Apogon maculatus","l.rari",0,"overall"
"975","Gymnothorax moringa","l.rari",0,"overall"
"976","Muraena retifera","l.rari",0,"overall"
"977","Ogcocephalus parvus","l.rari",0,"overall"
"978","Psilotris laurae","l.rari",0,"overall"
"979","Scorpaenodes barrybrowni","l.rari",0,"overall"
"980","Serranus atrobranchus","l.rari",0,"overall"
"981","Varicus cephalocellatus","l.rari",0,"overall"
"982","Heteropriacanthus cruentatus","l.rari",0,"overall"
"983","Sargocentron poco","l.rari",0,"overall"
"984","Symphysanodon berryi","l.rari",0.924393453808795,"overall"
"985","Jeboehlkia gladifer","l.rari",0.508284458858747,"overall"
"986","Gonioplectrus hispanus","l.rari",0.0125280006352567,"overall"
"987","Pontinus castor","l.rari",0.296081023683881,"overall"
"988","Anthias asperilinguis","l.rari",0.613231376923389,"overall"
"989","Ostichthys trachypoma","l.rari",0.76356138698863,"overall"
"990","Caulolatilus dooleyi","l.rari",0.75582940665735,"overall"
"991","Decodon puellaris","l.rari",0.426870023590642,"overall"
"992","Serranus notospilus","l.rari",0.374197274123792,"overall"
"993","Liopropoma olneyi","l.rari",0.246542446303288,"overall"
"994","Palatogobius grandoculus","l.rari",0.525880262300151,"overall"
"995","Corniger spinosus","l.rari",0.034217045087165,"overall"
"996","Priacanthus arenatus","l.rari",0.5,"overall"
"997","Serranus phoebe","l.rari",0.0862880827197925,"overall"
"998","Varicus decorum","l.rari",0.160657875131943,"overall"
"999","Equetus lanceolatus","l.rari",0,"overall"
"1000","Baldwinella vivanus","l.rari",0.401894085796613,"overall"
"1001","Liopropoma aberrans","l.rari",0.016728485736576,"overall"
"1002","Prognathodes guyanensis","l.rari",0.0188719510033768,"overall"
"1003","Plectranthias sp.","l.rari",0,"overall"
"1004","Apogon pseudomaculatus","l.rari",0,"overall"
"1005","Pronotogrammus martinicensis","l.rari",0.0733323181540088,"overall"
"1006","Lipogramma levinsoni","l.rari",0,"overall"
"1007","Apogon gouldi","l.rari",0,"overall"
"1008","Fistularia sp.","l.rari",0.5,"overall"
"1009","Hemanthias leptus","l.rari",0.162958843111451,"overall"
"1010","Lipogramma idabeli","l.rari",0,"overall"
"1011","Choranthias tenuis","l.rari",0.13997462981612,"overall"
"1012","Sargocentron bullisi","l.rari",0,"overall"
"1013","Derilissus lombardii","l.rari",0,"overall"
"1014","Haemulon chrysargyreum","l.rari",0,"overall"
"1015","Bollmannia boqueronensis","l.rari",0,"overall"
"1016","Bollmannia eigenmanni","l.rari",0,"overall"
"1017","Carangoides bartholomaei","l.rari",0,"overall"
"1018","Halichoeres bathyphilus","l.rari",0,"overall"
"1019","Neoniphon coruscum","l.rari",0,"overall"
"1020","Oxyurichthys stigmalophius","l.rari",0,"overall"
"1021","Priolepis hipoliti","l.rari",0,"overall"
"1022","Rypticus maculatus","l.rari",0,"overall"
"1023","Lipogramma regium","l.rari",0,"overall"
"1024","Myctoperca bonaci","l.rari",0,"overall"
"1025","Decodon shallow","l.rari",0,"overall"
"1026","Pristigenys alta","l.rari",0.0641391007078895,"overall"
"1027","Palatogobius incendius","l.rari",0.00079608222858677,"overall"
"1028","Bullisichthys caribbaeus","l.rari",0,"overall"
"1029","Caranx lugubris","l.rari",0.099444187169776,"overall"
"1030","Centropristis fuscula","l.rari",0.223524757888731,"overall"
"1031","Lipogramma trilineata","l.rari",0,"overall"
"1032","Rypticus saponaceous","l.rari",0,"overall"
"1033","Haemulon vittata","l.rari",0,"overall"
"1034","Rypticus saponaceus","l.rari",0.278258777395334,"overall"
"1035","Antilligobius nikkiae","l.rari",0.000986090370341755,"overall"
"1036","Chromis enchrysura","l.rari",0,"overall"
"1037","Serranus luciopercanus","l.rari",0,"overall"
"1038","Pomacanthus arcuatus","l.rari",0,"overall"
"1039","Liopropoma mowbrayi","l.rari",0,"overall"
"1040","Liopropoma carmabi","l.rari",0,"overall"
"1041","Lipogramma flavescens","l.rari",0.69776577264442,"overall"
"1042","Paroncheilus affinis","l.rari",0.00053523973722603,"overall"
"1043","Coryphopterus curasub","l.rari",0,"overall"
"1044","Myripristis jacobus","l.rari",0,"overall"
"1045","Lipogramma klayi","l.rari",0,"overall"
"1046","Serranus annularis","l.rari",0,"overall"
"1047","Seriola rivoliana","l.rari",0,"overall"
"1048","Ptereleotris helenae","l.rari",0,"overall"
"1049","Mycteroperca bonaci","l.rari",0,"overall"
"1050","Flammeo marianus","l.rari",0,"overall"
"1051","Holocentrus adscensionis","l.rari",0,"overall"
"1052","Gymnothorax ocellatus","l.rari",0.367969469891342,"overall"
"1053","Pinnichthys aimoriensis","l.rari",0,"overall"
"1054","Elacatinus chancei","l.rari",0,"overall"
"1055","Chaetodon sedentarius","l.rari",0,"overall"
"1056","Gnatholepis thompsoni","l.rari",0,"overall"
"1057","Serranus tortugarum","l.rari",0,"overall"
"1058","Malacanthus plumieri","l.rari",0.0261204061772334,"overall"
"1059","Haemulon striatum","l.rari",0,"overall"
"1060","Epinephelus adscensionis","l.rari",0,"overall"
"1061","Paranthias furcifer","l.rari",0,"overall"
"1062","Gramma linki","l.rari",0,"overall"
"1063","Pomacanthus paru","l.rari",0,"overall"
"1064","Chromis scotti","l.rari",0,"overall"
"1065","Centropyge argi","l.rari",0,"overall"
"1066","Xanthichthys ringens","l.rari",0,"overall"
"1067","Sphyraena barracuda","l.rari",0,"overall"
"1068","Epinephelus guttatus","l.rari",0,"overall"
"1069","Holocentrus rufus","l.rari",0,"overall"
"1070","Anisotremus surinamensis","l.rari",0,"overall"
"1071","Gymnothorax funebris","l.rari",0,"overall"
"1072","Hypoplectrus chlorurus","l.rari",0,"overall"
"1073","Mycteroperca interstitialis","l.rari",0,"overall"
"1074","Serranus tabacarius","l.rari",0,"overall"
"1075","Serranus tigrinus","l.rari",0,"overall"
"1076","Acanthostracion polygonius","l.rari",0,"overall"
"1077","Acanthostracion quadricornis","l.rari",0,"overall"
"1078","Apogon pillionatus","l.rari",0,"overall"
"1079","Apogon lachneri","l.rari",0,"overall"
"1080","Apsilus dentatus","l.rari",0,"overall"
"1081","Bodianus pulchellus","l.rari",0,"overall"
"1082","Chaetodon ocellatus","l.rari",0,"overall"
"1083","Decapterus sp.","l.rari",0,"overall"
"1084","Epinephalus striatus","l.rari",0,"overall"
"1085","Haemulon bonariense","l.rari",0,"overall"
"1086","Lachnolaimus maximus","l.rari",0,"overall"
"1087","Lactophrys trigonus","l.rari",0,"overall"
"1088","Mycteroperca tigris","l.rari",0,"overall"
"1089","Opistognathus aurifrons","l.rari",0,"overall"
"1090","Pseudupeneus maculatus","l.rari",0,"overall"
"1091","Scarus viride","l.rari",0,"overall"
"1092","Serranus tabacarrius","l.rari",0,"overall"
"1093","Trachinotus goodei","l.rari",0,"overall"
"1094","Vomerogobius flavus","l.rari",0,"overall"
"1095","Pterois volitans","l.rari",0.0187873766215199,"overall"
"1096","Gramma melacara","l.rari",0,"overall"
"1097","Canthigaster jamestyleri","l.rari",0,"overall"
"1098","Holacanthus tricolor","l.rari",0,"overall"
"1099","Prognathodes aculeatus","l.rari",0,"overall"
"1100","Chaetodon striatus","l.rari",0,"overall"
"1101","Cephalopholis cruentata","l.rari",0,"overall"
"1102","Mulloidichthys martinicus","l.rari",0,"overall"
"1103","Halichoeres pictus","l.rari",0,"overall"
"1104","Coryphopterus personatus","l.rari",0,"overall"
"1105","Halichoeres garnoti","l.rari",0,"overall"
"1106","Chaunax pictus","l.rari",0.534832172269405,"overall"
"1107","Haemulon plumierii","l.rari",0,"overall"
"1108","Chromis insolata","l.rari",0,"overall"
"1109","Haemulon flavolineatum","l.rari",0,"overall"
"1110","Sparisoma atomarium","l.rari",0,"overall"
"1111","Holacanthus ciliaris","l.rari",0,"overall"
"1112","Canthigaster rostrata","l.rari",0.0231643220558419,"overall"
"1113","Bodianus rufus","l.rari",0,"overall"
"1114","Scarus taeniopterus","l.rari",0,"overall"
"1115","Chaetodon capistratus","l.rari",0,"overall"
"1116","Hypoplectrus nigricans","l.rari",0,"overall"
"1117","Clepticus parrae","l.rari",0,"overall"
"1118","Stegastes xanthurus","l.rari",0,"overall"
"1119","Carangoides ruber","l.rari",0,"overall"
"1120","Halichoeres maculipinna","l.rari",0,"overall"
"1121","Sparisoma aurofrenatum","l.rari",0,"overall"
"1122","Chromis cyanea","l.rari",0,"overall"
"1123","Stegastes partitus","l.rari",0,"overall"
"1124","Gramma loreto","l.rari",0,"overall"
"1125","Sparisoma viride","l.rari",0,"overall"
"1126","Ocyurus chrysurus","l.rari",0,"overall"
"1127","Scarus iseri","l.rari",0,"overall"
"1128","Acanthurus coeruleus","l.rari",0,"overall"
"1129","Thalassoma bifasciatum","l.rari",0,"overall"
"1130","Abudefduf saxatilis","l.rari",0,"overall"
"1131","Anisotremus virginicus","l.rari",0,"overall"
"1132","Aulostomus maculatus","l.rari",0,"overall"
"1133","Calamus calamus","l.rari",0,"overall"
"1134","Cantherhines sp.","l.rari",0,"overall"
"1135","Elacatinus lobeli","l.rari",0,"overall"
"1136","Haemulon sciurus","l.rari",0,"overall"
"1137","Melichthys niger","l.rari",0,"overall"
"1138","Microspathodon chrysurus","l.rari",0,"overall"
"1139","Sparisoma chrysopterum","l.rari",0,"overall"
"1140","Sparisoma rubripinne","l.rari",0,"overall"
"1141","Stegastes diencaeus","l.rari",0,"overall"
"1142","Stegastes planifrons","l.rari",0,"overall"
"1143","Stegastes variabilis","l.rari",0,"overall"
"1144","Stegastes viride","l.rari",0,"overall"
"1145","Caranx latus","l.rari",0,"overall"
"1146","Lactophrys triqueter","l.rari",0,"overall"
"1147","Serranus chionaraia","l.rari",0,"overall"
"1148","Scarus vetula","l.rari",0,"overall"
"1149","Acanthurus chirurgus","l.rari",0,"overall"
"1150","Canthidermis sufflamen","l.rari",0,"overall"
"1151","Cephalopholis fulva","l.rari",0,"overall"
"1152","Hypoplectrus indigo","l.rari",0,"overall"
"1153","Hypoplectrus puella","l.rari",0,"overall"
"1154","Chromis multilineata","l.rari",0,"overall"
"1155","Acanthurus tractus","l.rari",0,"overall"
"1156","Bellator brachychir","deep.sea",0,"overall"
"1157","Foetorepus agassizii","deep.sea",0,"overall"
"1158","Pristipomoides macrophthalmus","deep.sea",0,"overall"
"1159","Sphyraenops bairdianus","deep.sea",0,"overall"
"1160","Bathyanthias sp.","deep.sea",0,"overall"
"1161","Hyporthodus niveatus","deep.sea",0,"overall"
"1162","Peristedion brevirostre","deep.sea",0,"overall"
"1163","Pristipomoides freemani","deep.sea",0,"overall"
"1164","Scorpaena brasiliensis","deep.sea",0,"overall"
"1165","Syacium gunteri","deep.sea",0,"overall"
"1166","Synagrops egretta","deep.sea",0,"overall"
"1167","Brotula barbata","deep.sea",0,"overall"
"1168","Gastropsetta frontalis","deep.sea",0,"overall"
"1169","Scorpaenodes caribbaeus","deep.sea",0,"overall"
"1170","Zalieutes mcgintyi","deep.sea",0,"overall"
"1171","Etelis oculatus","deep.sea",0,"overall"
"1172","Palatogobius paradoxus","deep.sea",0,"overall"
"1173","Seriola dumerili","deep.sea",0,"overall"
"1174","Varicus adamsi","deep.sea",0,"overall"
"1175","Antigonia capros","deep.sea",0,"overall"
"1176","Chrionema squamentum","deep.sea",0.576043188243613,"overall"
"1177","Pristipomoides aquilonaris","deep.sea",0,"overall"
"1178","Bellator egretta","deep.sea",0,"overall"
"1179","Synagrops bellus","deep.sea",0,"overall"
"1180","Liopropoma santi","deep.sea",0,"overall"
"1181","Varicus veliguttatus","deep.sea",0,"overall"
"1182","Bembrops sp.","deep.sea",0,"overall"
"1183","Sphoeroides dorsalis","deep.sea",0,"overall"
"1184","Gephyroberyx darwinii","deep.sea",0.421375545392567,"overall"
"1185","Ogcocephalus corniger","deep.sea",0,"overall"
"1186","Polylepion sp.","deep.sea",0.351511468920388,"overall"
"1187","Pontinus nematophthalmus","deep.sea",0,"overall"
"1188","Caulolatilus plumieri","deep.sea",0,"overall"
"1189","Lipogramma evides","deep.sea",0,"overall"
"1190","Physiculus fulvus","deep.sea",0,"overall"
"1191","Symphysanodon octoactinus","deep.sea",0.0268042434175606,"overall"
"1192","Lipogramma haberi","deep.sea",0,"overall"
"1193","Plectranthias garrupellus","deep.sea",0,"overall"
"1194","Opistognathus schrieri","deep.sea",0,"overall"
"1195","Lipogramma schrieri","deep.sea",0,"overall"
"1196","Aulopus filamentosus","deep.sea",0.799999999980225,"overall"
"1197","Verilus sordidus","deep.sea",0.825396825359582,"overall"
"1198","Epigonidae","deep.sea",0.356795575313389,"overall"
"1199","Hollardia hollardi","deep.sea",1,"overall"
"1200","Neoepinnula americana","deep.sea",1,"overall"
"1201","Neoscopelus macrolepidotus","deep.sea",1,"overall"
"1202","Phenacoscorpius nebrius","deep.sea",1,"overall"
"1203","Haptoclinus dropi","deep.sea",1,"overall"
"1204","Lipogramma barrettorum","deep.sea",0,"overall"
"1205","Apogon maculatus","deep.sea",0,"overall"
"1206","Gymnothorax moringa","deep.sea",0,"overall"
"1207","Muraena retifera","deep.sea",0,"overall"
"1208","Ogcocephalus parvus","deep.sea",0,"overall"
"1209","Psilotris laurae","deep.sea",0,"overall"
"1210","Scorpaenodes barrybrowni","deep.sea",0,"overall"
"1211","Serranus atrobranchus","deep.sea",0,"overall"
"1212","Varicus cephalocellatus","deep.sea",0,"overall"
"1213","Heteropriacanthus cruentatus","deep.sea",0,"overall"
"1214","Sargocentron poco","deep.sea",0,"overall"
"1215","Symphysanodon berryi","deep.sea",0,"overall"
"1216","Jeboehlkia gladifer","deep.sea",0.687116056247814,"overall"
"1217","Gonioplectrus hispanus","deep.sea",0,"overall"
"1218","Pontinus castor","deep.sea",0,"overall"
"1219","Anthias asperilinguis","deep.sea",0.691358024694523,"overall"
"1220","Ostichthys trachypoma","deep.sea",0,"overall"
"1221","Caulolatilus dooleyi","deep.sea",0,"overall"
"1222","Decodon puellaris","deep.sea",0,"overall"
"1223","Serranus notospilus","deep.sea",0,"overall"
"1224","Liopropoma olneyi","deep.sea",0,"overall"
"1225","Palatogobius grandoculus","deep.sea",0,"overall"
"1226","Corniger spinosus","deep.sea",0,"overall"
"1227","Priacanthus arenatus","deep.sea",0,"overall"
"1228","Serranus phoebe","deep.sea",0,"overall"
"1229","Varicus decorum","deep.sea",0,"overall"
"1230","Equetus lanceolatus","deep.sea",0,"overall"
"1231","Baldwinella vivanus","deep.sea",0,"overall"
"1232","Liopropoma aberrans","deep.sea",0,"overall"
"1233","Prognathodes guyanensis","deep.sea",0,"overall"
"1234","Plectranthias sp.","deep.sea",0,"overall"
"1235","Apogon pseudomaculatus","deep.sea",0,"overall"
"1236","Pronotogrammus martinicensis","deep.sea",0,"overall"
"1237","Lipogramma levinsoni","deep.sea",0,"overall"
"1238","Apogon gouldi","deep.sea",0,"overall"
"1239","Fistularia sp.","deep.sea",0,"overall"
"1240","Hemanthias leptus","deep.sea",0,"overall"
"1241","Lipogramma idabeli","deep.sea",0,"overall"
"1242","Choranthias tenuis","deep.sea",0,"overall"
"1243","Sargocentron bullisi","deep.sea",0,"overall"
"1244","Derilissus lombardii","deep.sea",0,"overall"
"1245","Haemulon chrysargyreum","deep.sea",0,"overall"
"1246","Bollmannia boqueronensis","deep.sea",0,"overall"
"1247","Bollmannia eigenmanni","deep.sea",0,"overall"
"1248","Carangoides bartholomaei","deep.sea",0,"overall"
"1249","Halichoeres bathyphilus","deep.sea",0,"overall"
"1250","Neoniphon coruscum","deep.sea",0,"overall"
"1251","Oxyurichthys stigmalophius","deep.sea",0,"overall"
"1252","Priolepis hipoliti","deep.sea",0,"overall"
"1253","Rypticus maculatus","deep.sea",0,"overall"
"1254","Lipogramma regium","deep.sea",0,"overall"
"1255","Myctoperca bonaci","deep.sea",0,"overall"
"1256","Decodon shallow","deep.sea",0,"overall"
"1257","Pristigenys alta","deep.sea",0,"overall"
"1258","Palatogobius incendius","deep.sea",0,"overall"
"1259","Bullisichthys caribbaeus","deep.sea",0,"overall"
"1260","Caranx lugubris","deep.sea",0,"overall"
"1261","Centropristis fuscula","deep.sea",0,"overall"
"1262","Lipogramma trilineata","deep.sea",0,"overall"
"1263","Rypticus saponaceous","deep.sea",0,"overall"
"1264","Haemulon vittata","deep.sea",0,"overall"
"1265","Rypticus saponaceus","deep.sea",0,"overall"
"1266","Antilligobius nikkiae","deep.sea",0,"overall"
"1267","Chromis enchrysura","deep.sea",0,"overall"
"1268","Serranus luciopercanus","deep.sea",0,"overall"
"1269","Pomacanthus arcuatus","deep.sea",0,"overall"
"1270","Liopropoma mowbrayi","deep.sea",0,"overall"
"1271","Liopropoma carmabi","deep.sea",0,"overall"
"1272","Lipogramma flavescens","deep.sea",0,"overall"
"1273","Paroncheilus affinis","deep.sea",0,"overall"
"1274","Coryphopterus curasub","deep.sea",0,"overall"
"1275","Myripristis jacobus","deep.sea",0,"overall"
"1276","Lipogramma klayi","deep.sea",0,"overall"
"1277","Serranus annularis","deep.sea",0,"overall"
"1278","Seriola rivoliana","deep.sea",0,"overall"
"1279","Ptereleotris helenae","deep.sea",0,"overall"
"1280","Mycteroperca bonaci","deep.sea",0,"overall"
"1281","Flammeo marianus","deep.sea",0,"overall"
"1282","Holocentrus adscensionis","deep.sea",0,"overall"
"1283","Gymnothorax ocellatus","deep.sea",0,"overall"
"1284","Pinnichthys aimoriensis","deep.sea",0,"overall"
"1285","Elacatinus chancei","deep.sea",0,"overall"
"1286","Chaetodon sedentarius","deep.sea",0,"overall"
"1287","Gnatholepis thompsoni","deep.sea",0,"overall"
"1288","Serranus tortugarum","deep.sea",0,"overall"
"1289","Malacanthus plumieri","deep.sea",0,"overall"
"1290","Haemulon striatum","deep.sea",0,"overall"
"1291","Epinephelus adscensionis","deep.sea",0,"overall"
"1292","Paranthias furcifer","deep.sea",0,"overall"
"1293","Gramma linki","deep.sea",0,"overall"
"1294","Pomacanthus paru","deep.sea",0,"overall"
"1295","Chromis scotti","deep.sea",0,"overall"
"1296","Centropyge argi","deep.sea",0,"overall"
"1297","Xanthichthys ringens","deep.sea",0,"overall"
"1298","Sphyraena barracuda","deep.sea",0,"overall"
"1299","Epinephelus guttatus","deep.sea",0,"overall"
"1300","Holocentrus rufus","deep.sea",0,"overall"
"1301","Anisotremus surinamensis","deep.sea",0,"overall"
"1302","Gymnothorax funebris","deep.sea",0,"overall"
"1303","Hypoplectrus chlorurus","deep.sea",0,"overall"
"1304","Mycteroperca interstitialis","deep.sea",0,"overall"
"1305","Serranus tabacarius","deep.sea",0,"overall"
"1306","Serranus tigrinus","deep.sea",0,"overall"
"1307","Acanthostracion polygonius","deep.sea",0,"overall"
"1308","Acanthostracion quadricornis","deep.sea",0,"overall"
"1309","Apogon pillionatus","deep.sea",0,"overall"
"1310","Apogon lachneri","deep.sea",0,"overall"
"1311","Apsilus dentatus","deep.sea",0,"overall"
"1312","Bodianus pulchellus","deep.sea",0,"overall"
"1313","Chaetodon ocellatus","deep.sea",0,"overall"
"1314","Decapterus sp.","deep.sea",0,"overall"
"1315","Epinephalus striatus","deep.sea",0,"overall"
"1316","Haemulon bonariense","deep.sea",0,"overall"
"1317","Lachnolaimus maximus","deep.sea",0,"overall"
"1318","Lactophrys trigonus","deep.sea",0,"overall"
"1319","Mycteroperca tigris","deep.sea",0,"overall"
"1320","Opistognathus aurifrons","deep.sea",0,"overall"
"1321","Pseudupeneus maculatus","deep.sea",0,"overall"
"1322","Scarus viride","deep.sea",0,"overall"
"1323","Serranus tabacarrius","deep.sea",0,"overall"
"1324","Trachinotus goodei","deep.sea",0,"overall"
"1325","Vomerogobius flavus","deep.sea",0,"overall"
"1326","Pterois volitans","deep.sea",0,"overall"
"1327","Gramma melacara","deep.sea",0,"overall"
"1328","Canthigaster jamestyleri","deep.sea",0,"overall"
"1329","Holacanthus tricolor","deep.sea",0,"overall"
"1330","Prognathodes aculeatus","deep.sea",0,"overall"
"1331","Chaetodon striatus","deep.sea",0,"overall"
"1332","Cephalopholis cruentata","deep.sea",0,"overall"
"1333","Mulloidichthys martinicus","deep.sea",0,"overall"
"1334","Halichoeres pictus","deep.sea",0,"overall"
"1335","Coryphopterus personatus","deep.sea",0,"overall"
"1336","Halichoeres garnoti","deep.sea",0,"overall"
"1337","Chaunax pictus","deep.sea",0.658644711833091,"overall"
"1338","Haemulon plumierii","deep.sea",0,"overall"
"1339","Chromis insolata","deep.sea",0,"overall"
"1340","Haemulon flavolineatum","deep.sea",0,"overall"
"1341","Sparisoma atomarium","deep.sea",0,"overall"
"1342","Holacanthus ciliaris","deep.sea",0,"overall"
"1343","Canthigaster rostrata","deep.sea",0,"overall"
"1344","Bodianus rufus","deep.sea",0,"overall"
"1345","Scarus taeniopterus","deep.sea",0,"overall"
"1346","Chaetodon capistratus","deep.sea",0,"overall"
"1347","Hypoplectrus nigricans","deep.sea",0,"overall"
"1348","Clepticus parrae","deep.sea",0,"overall"
"1349","Stegastes xanthurus","deep.sea",0,"overall"
"1350","Carangoides ruber","deep.sea",0,"overall"
"1351","Halichoeres maculipinna","deep.sea",0,"overall"
"1352","Sparisoma aurofrenatum","deep.sea",0,"overall"
"1353","Chromis cyanea","deep.sea",0,"overall"
"1354","Stegastes partitus","deep.sea",0,"overall"
"1355","Gramma loreto","deep.sea",0,"overall"
"1356","Sparisoma viride","deep.sea",0,"overall"
"1357","Ocyurus chrysurus","deep.sea",0,"overall"
"1358","Scarus iseri","deep.sea",0,"overall"
"1359","Acanthurus coeruleus","deep.sea",0,"overall"
"1360","Thalassoma bifasciatum","deep.sea",0,"overall"
"1361","Abudefduf saxatilis","deep.sea",0,"overall"
"1362","Anisotremus virginicus","deep.sea",0,"overall"
"1363","Aulostomus maculatus","deep.sea",0,"overall"
"1364","Calamus calamus","deep.sea",0,"overall"
"1365","Cantherhines sp.","deep.sea",0,"overall"
"1366","Elacatinus lobeli","deep.sea",0,"overall"
"1367","Haemulon sciurus","deep.sea",0,"overall"
"1368","Melichthys niger","deep.sea",0,"overall"
"1369","Microspathodon chrysurus","deep.sea",0,"overall"
"1370","Sparisoma chrysopterum","deep.sea",0,"overall"
"1371","Sparisoma rubripinne","deep.sea",0,"overall"
"1372","Stegastes diencaeus","deep.sea",0,"overall"
"1373","Stegastes planifrons","deep.sea",0,"overall"
"1374","Stegastes variabilis","deep.sea",0,"overall"
"1375","Stegastes viride","deep.sea",0,"overall"
"1376","Caranx latus","deep.sea",0,"overall"
"1377","Lactophrys triqueter","deep.sea",0,"overall"
"1378","Serranus chionaraia","deep.sea",0,"overall"
"1379","Scarus vetula","deep.sea",0,"overall"
"1380","Acanthurus chirurgus","deep.sea",0,"overall"
"1381","Canthidermis sufflamen","deep.sea",0,"overall"
"1382","Cephalopholis fulva","deep.sea",0,"overall"
"1383","Hypoplectrus indigo","deep.sea",0,"overall"
"1384","Hypoplectrus puella","deep.sea",0,"overall"
"1385","Chromis multilineata","deep.sea",0,"overall"
"1386","Acanthurus tractus","deep.sea",0,"overall"
"1387","Bellator brachychir","tot.abu",23.84719207,"overall"
"1388","Foetorepus agassizii","tot.abu",27.536581938,"overall"
"1389","Pristipomoides macrophthalmus","tot.abu",5.719804202,"overall"
"1390","Sphyraenops bairdianus","tot.abu",19.012012342,"overall"
"1391","Bathyanthias sp.","tot.abu",24.599609876,"overall"
"1392","Hyporthodus niveatus","tot.abu",2.172632844,"overall"
"1393","Peristedion brevirostre","tot.abu",5.033726325,"overall"
"1394","Pristipomoides freemani","tot.abu",2.643187332,"overall"
"1395","Scorpaena brasiliensis","tot.abu",2.203301258,"overall"
"1396","Syacium gunteri","tot.abu",2.172632844,"overall"
"1397","Synagrops egretta","tot.abu",2.454078712,"overall"
"1398","Brotula barbata","tot.abu",6.980952381,"overall"
"1399","Gastropsetta frontalis","tot.abu",3.498961938,"overall"
"1400","Scorpaenodes caribbaeus","tot.abu",20.395648025,"overall"
"1401","Zalieutes mcgintyi","tot.abu",4.862032086,"overall"
"1402","Etelis oculatus","tot.abu",6.090129433,"overall"
"1403","Palatogobius paradoxus","tot.abu",7.846153848,"overall"
"1404","Seriola dumerili","tot.abu",2.589285714,"overall"
"1405","Varicus adamsi","tot.abu",2.711538462,"overall"
"1406","Antigonia capros","tot.abu",133.789823823,"overall"
"1407","Chrionema squamentum","tot.abu",839.548501558,"overall"
"1408","Pristipomoides aquilonaris","tot.abu",8.219408877,"overall"
"1409","Bellator egretta","tot.abu",31.862790589,"overall"
"1410","Synagrops bellus","tot.abu",13.9572387,"overall"
"1411","Liopropoma santi","tot.abu",8.236351045,"overall"
"1412","Varicus veliguttatus","tot.abu",29.372745646,"overall"
"1413","Bembrops sp.","tot.abu",18.977702674,"overall"
"1414","Sphoeroides dorsalis","tot.abu",17.283276431,"overall"
"1415","Gephyroberyx darwinii","tot.abu",69.792988846,"overall"
"1416","Ogcocephalus corniger","tot.abu",15.426553366,"overall"
"1417","Polylepion sp.","tot.abu",24.4302541250796,"overall"
"1418","Pontinus nematophthalmus","tot.abu",42.180008406,"overall"
"1419","Caulolatilus plumieri","tot.abu",4.02784163,"overall"
"1420","Lipogramma evides","tot.abu",113.474668162,"overall"
"1421","Physiculus fulvus","tot.abu",5.747070435,"overall"
"1422","Symphysanodon octoactinus","tot.abu",450.389445752,"overall"
"1423","Lipogramma haberi","tot.abu",5.557755939,"overall"
"1424","Plectranthias garrupellus","tot.abu",11.505940075,"overall"
"1425","Opistognathus schrieri","tot.abu",6.412324789,"overall"
"1426","Lipogramma schrieri","tot.abu",7.885619103,"overall"
"1427","Aulopus filamentosus","tot.abu",11.113636364,"overall"
"1428","Verilus sordidus","tot.abu",10.802447553,"overall"
"1429","Epigonidae","tot.abu",454.672695444244,"overall"
"1430","Hollardia hollardi","tot.abu",30.141401413,"overall"
"1431","Neoepinnula americana","tot.abu",8.242156862,"overall"
"1432","Neoscopelus macrolepidotus","tot.abu",6.933333333,"overall"
"1433","Phenacoscorpius nebrius","tot.abu",12.26948052,"overall"
"1434","Haptoclinus dropi","tot.abu",12.492713838,"overall"
"1435","Lipogramma barrettorum","tot.abu",4.819494176,"overall"
"1436","Apogon maculatus","tot.abu",2.127104229,"overall"
"1437","Gymnothorax moringa","tot.abu",3.316031582,"overall"
"1438","Muraena retifera","tot.abu",6.184830122,"overall"
"1439","Ogcocephalus parvus","tot.abu",2.212877394,"overall"
"1440","Psilotris laurae","tot.abu",2.365335946,"overall"
"1441","Scorpaenodes barrybrowni","tot.abu",3.554263299,"overall"
"1442","Serranus atrobranchus","tot.abu",2.365335946,"overall"
"1443","Varicus cephalocellatus","tot.abu",8.781183256,"overall"
"1444","Heteropriacanthus cruentatus","tot.abu",5.259352142,"overall"
"1445","Sargocentron poco","tot.abu",3.870967742,"overall"
"1446","Symphysanodon berryi","tot.abu",332.398059550763,"overall"
"1447","Jeboehlkia gladifer","tot.abu",150.990790416,"overall"
"1448","Gonioplectrus hispanus","tot.abu",94.944958859,"overall"
"1449","Pontinus castor","tot.abu",70.454366498,"overall"
"1450","Anthias asperilinguis","tot.abu",55.586715997,"overall"
"1451","Ostichthys trachypoma","tot.abu",249.026460863896,"overall"
"1452","Caulolatilus dooleyi","tot.abu",20.785589517,"overall"
"1453","Decodon puellaris","tot.abu",66.363762596,"overall"
"1454","Serranus notospilus","tot.abu",241.012410826,"overall"
"1455","Liopropoma olneyi","tot.abu",234.315596388,"overall"
"1456","Palatogobius grandoculus","tot.abu",1831.124075377,"overall"
"1457","Corniger spinosus","tot.abu",52.07112764,"overall"
"1458","Priacanthus arenatus","tot.abu",11.510782744,"overall"
"1459","Serranus phoebe","tot.abu",209.098848512,"overall"
"1460","Varicus decorum","tot.abu",16.605561852,"overall"
"1461","Equetus lanceolatus","tot.abu",24.520971961,"overall"
"1462","Baldwinella vivanus","tot.abu",103.277027378,"overall"
"1463","Liopropoma aberrans","tot.abu",100.088386756,"overall"
"1464","Prognathodes guyanensis","tot.abu",76.724739431,"overall"
"1465","Plectranthias sp.","tot.abu",12.524195733,"overall"
"1466","Apogon pseudomaculatus","tot.abu",9.459489821,"overall"
"1467","Pronotogrammus martinicensis","tot.abu",1666.448182206,"overall"
"1468","Lipogramma levinsoni","tot.abu",101.36741068,"overall"
"1469","Apogon gouldi","tot.abu",31.196574744,"overall"
"1470","Fistularia sp.","tot.abu",7.011059631,"overall"
"1471","Hemanthias leptus","tot.abu",9.613686726,"overall"
"1472","Lipogramma idabeli","tot.abu",15.101298701,"overall"
"1473","Choranthias tenuis","tot.abu",196.16843537,"overall"
"1474","Sargocentron bullisi","tot.abu",4.449475657,"overall"
"1475","Derilissus lombardii","tot.abu",37.167983755,"overall"
"1476","Haemulon chrysargyreum","tot.abu",62.951143306,"overall"
"1477","Bollmannia boqueronensis","tot.abu",69.814685792,"overall"
"1478","Bollmannia eigenmanni","tot.abu",2.181725224,"overall"
"1479","Carangoides bartholomaei","tot.abu",12.87769118,"overall"
"1480","Halichoeres bathyphilus","tot.abu",29.503177161,"overall"
"1481","Neoniphon coruscum","tot.abu",2.187769118,"overall"
"1482","Oxyurichthys stigmalophius","tot.abu",4.754774661,"overall"
"1483","Priolepis hipoliti","tot.abu",4.483557142,"overall"
"1484","Rypticus maculatus","tot.abu",2.181725224,"overall"
"1485","Lipogramma regium","tot.abu",6.693953248,"overall"
"1486","Myctoperca bonaci","tot.abu",3.170731707,"overall"
"1487","Decodon shallow","tot.abu",117.362689001,"overall"
"1488","Pristigenys alta","tot.abu",111.22327997,"overall"
"1489","Palatogobius incendius","tot.abu",6227.359117639,"overall"
"1490","Bullisichthys caribbaeus","tot.abu",3361.349834202,"overall"
"1491","Caranx lugubris","tot.abu",47.662759798,"overall"
"1492","Centropristis fuscula","tot.abu",25.331840674,"overall"
"1493","Lipogramma trilineata","tot.abu",7.93957913,"overall"
"1494","Rypticus saponaceous","tot.abu",14.417865935,"overall"
"1495","Haemulon vittata","tot.abu",25.720774569,"overall"
"1496","Rypticus saponaceus","tot.abu",15.364779685,"overall"
"1497","Antilligobius nikkiae","tot.abu",5036.472050083,"overall"
"1498","Chromis enchrysura","tot.abu",443.744523881,"overall"
"1499","Serranus luciopercanus","tot.abu",217.985362662,"overall"
"1500","Pomacanthus arcuatus","tot.abu",8.765974419,"overall"
"1501","Liopropoma mowbrayi","tot.abu",530.223908805,"overall"
"1502","Liopropoma carmabi","tot.abu",16.762337472,"overall"
"1503","Lipogramma flavescens","tot.abu",20.631573121,"overall"
"1504","Paroncheilus affinis","tot.abu",4621.452889705,"overall"
"1505","Coryphopterus curasub","tot.abu",15.345562973,"overall"
"1506","Myripristis jacobus","tot.abu",47.13188536,"overall"
"1507","Lipogramma klayi","tot.abu",538.915897698,"overall"
"1508","Serranus annularis","tot.abu",3.546301253,"overall"
"1509","Seriola rivoliana","tot.abu",15.65657054,"overall"
"1510","Ptereleotris helenae","tot.abu",267.886759354,"overall"
"1511","Mycteroperca bonaci","tot.abu",5.385608439,"overall"
"1512","Flammeo marianus","tot.abu",387.773546476,"overall"
"1513","Holocentrus adscensionis","tot.abu",275.616931639,"overall"
"1514","Gymnothorax ocellatus","tot.abu",18.932250792,"overall"
"1515","Pinnichthys aimoriensis","tot.abu",4.212877394,"overall"
"1516","Elacatinus chancei","tot.abu",5.772897593,"overall"
"1517","Chaetodon sedentarius","tot.abu",71.211863547,"overall"
"1518","Gnatholepis thompsoni","tot.abu",86.934903253,"overall"
"1519","Serranus tortugarum","tot.abu",1294.408809918,"overall"
"1520","Malacanthus plumieri","tot.abu",43.008723755,"overall"
"1521","Haemulon striatum","tot.abu",759.455360609,"overall"
"1522","Epinephelus adscensionis","tot.abu",21.61308421,"overall"
"1523","Paranthias furcifer","tot.abu",784.870536751,"overall"
"1524","Gramma linki","tot.abu",60.977227871,"overall"
"1525","Pomacanthus paru","tot.abu",59.856149465,"overall"
"1526","Chromis scotti","tot.abu",478.186303641,"overall"
"1527","Centropyge argi","tot.abu",337.061225016,"overall"
"1528","Xanthichthys ringens","tot.abu",110.159958656,"overall"
"1529","Sphyraena barracuda","tot.abu",43.324987055,"overall"
"1530","Epinephelus guttatus","tot.abu",26.122899993,"overall"
"1531","Holocentrus rufus","tot.abu",217.869689054,"overall"
"1532","Anisotremus surinamensis","tot.abu",2.139215137,"overall"
"1533","Gymnothorax funebris","tot.abu",1.999995899,"overall"
"1534","Hypoplectrus chlorurus","tot.abu",3.999987697,"overall"
"1535","Mycteroperca interstitialis","tot.abu",6.982780764,"overall"
"1536","Serranus tabacarius","tot.abu",33.096826546,"overall"
"1537","Serranus tigrinus","tot.abu",1.999995899,"overall"
"1538","Acanthostracion polygonius","tot.abu",13.797149379,"overall"
"1539","Acanthostracion quadricornis","tot.abu",7.661944702,"overall"
"1540","Apogon pillionatus","tot.abu",12.942124844,"overall"
"1541","Apogon lachneri","tot.abu",3.966666667,"overall"
"1542","Apsilus dentatus","tot.abu",3.966666667,"overall"
"1543","Bodianus pulchellus","tot.abu",15.523383086,"overall"
"1544","Chaetodon ocellatus","tot.abu",3.966666667,"overall"
"1545","Decapterus sp.","tot.abu",50.44444444,"overall"
"1546","Epinephalus striatus","tot.abu",2.893617021,"overall"
"1547","Haemulon bonariense","tot.abu",2.1125,"overall"
"1548","Lachnolaimus maximus","tot.abu",2.390625,"overall"
"1549","Lactophrys trigonus","tot.abu",2.893617021,"overall"
"1550","Mycteroperca tigris","tot.abu",4.284242021,"overall"
"1551","Opistognathus aurifrons","tot.abu",3.225,"overall"
"1552","Pseudupeneus maculatus","tot.abu",11.858710105,"overall"
"1553","Scarus viride","tot.abu",2.390625,"overall"
"1554","Serranus tabacarrius","tot.abu",2.1125,"overall"
"1555","Trachinotus goodei","tot.abu",4.3375,"overall"
"1556","Vomerogobius flavus","tot.abu",9.280099503,"overall"
"1557","Pterois volitans","tot.abu",113.791033133,"overall"
"1558","Gramma melacara","tot.abu",1350.556501874,"overall"
"1559","Canthigaster jamestyleri","tot.abu",285.641929142,"overall"
"1560","Holacanthus tricolor","tot.abu",152.525329262,"overall"
"1561","Prognathodes aculeatus","tot.abu",270.949539756,"overall"
"1562","Chaetodon striatus","tot.abu",92.530709798,"overall"
"1563","Cephalopholis cruentata","tot.abu",253.014026385,"overall"
"1564","Mulloidichthys martinicus","tot.abu",54.894298001,"overall"
"1565","Halichoeres pictus","tot.abu",24.640625,"overall"
"1566","Coryphopterus personatus","tot.abu",2373.686384224,"overall"
"1567","Halichoeres garnoti","tot.abu",836.154680174,"overall"
"1568","Chaunax pictus","tot.abu",45.82443346,"overall"
"1569","Haemulon plumierii","tot.abu",11.384617763,"overall"
"1570","Chromis insolata","tot.abu",7332.671012943,"overall"
"1571","Haemulon flavolineatum","tot.abu",74.822777881,"overall"
"1572","Sparisoma atomarium","tot.abu",11.50339963,"overall"
"1573","Holacanthus ciliaris","tot.abu",61.732952266,"overall"
"1574","Canthigaster rostrata","tot.abu",5429.260813194,"overall"
"1575","Bodianus rufus","tot.abu",37.900815811,"overall"
"1576","Scarus taeniopterus","tot.abu",576.353725987,"overall"
"1577","Chaetodon capistratus","tot.abu",326.920197618,"overall"
"1578","Hypoplectrus nigricans","tot.abu",11.172016651,"overall"
"1579","Clepticus parrae","tot.abu",7522.833359538,"overall"
"1580","Stegastes xanthurus","tot.abu",5.217151163,"overall"
"1581","Carangoides ruber","tot.abu",129.938672098,"overall"
"1582","Halichoeres maculipinna","tot.abu",6.272282609,"overall"
"1583","Sparisoma aurofrenatum","tot.abu",204.005767149,"overall"
"1584","Chromis cyanea","tot.abu",6067.750674473,"overall"
"1585","Stegastes partitus","tot.abu",4270.619959624,"overall"
"1586","Gramma loreto","tot.abu",203.545569187,"overall"
"1587","Sparisoma viride","tot.abu",107.89291729,"overall"
"1588","Ocyurus chrysurus","tot.abu",54.512376697,"overall"
"1589","Scarus iseri","tot.abu",189.523192624,"overall"
"1590","Acanthurus coeruleus","tot.abu",394.765615676,"overall"
"1591","Thalassoma bifasciatum","tot.abu",510.801677397,"overall"
"1592","Abudefduf saxatilis","tot.abu",460.801086962,"overall"
"1593","Anisotremus virginicus","tot.abu",7.384782609,"overall"
"1594","Aulostomus maculatus","tot.abu",2.934782609,"overall"
"1595","Calamus calamus","tot.abu",3.225,"overall"
"1596","Cantherhines sp.","tot.abu",4.869565218,"overall"
"1597","Elacatinus lobeli","tot.abu",3.225,"overall"
"1598","Haemulon sciurus","tot.abu",2.934782609,"overall"
"1599","Melichthys niger","tot.abu",9.9,"overall"
"1600","Microspathodon chrysurus","tot.abu",45.5,"overall"
"1601","Sparisoma chrysopterum","tot.abu",9.9,"overall"
"1602","Sparisoma rubripinne","tot.abu",3.225,"overall"
"1603","Stegastes diencaeus","tot.abu",234.625,"overall"
"1604","Stegastes planifrons","tot.abu",425.588043481,"overall"
"1605","Stegastes variabilis","tot.abu",41.715925182,"overall"
"1606","Stegastes viride","tot.abu",3.225,"overall"
"1607","Caranx latus","tot.abu",5.123709962,"overall"
"1608","Lactophrys triqueter","tot.abu",8.395141086,"overall"
"1609","Serranus chionaraia","tot.abu",17.011456002,"overall"
"1610","Scarus vetula","tot.abu",5.950896706,"overall"
"1611","Acanthurus chirurgus","tot.abu",70.890737568,"overall"
"1612","Canthidermis sufflamen","tot.abu",57.963177529,"overall"
"1613","Cephalopholis fulva","tot.abu",52.787050195,"overall"
"1614","Hypoplectrus indigo","tot.abu",23.87921053,"overall"
"1615","Hypoplectrus puella","tot.abu",15.84617235,"overall"
"1616","Chromis multilineata","tot.abu",512.745357515,"overall"
"1617","Acanthurus tractus","tot.abu",21.273973871,"overall"
